board,noise,variant,precision,recall,F1,Pratt FOM,time (ms)
01,clean,1 Baseline (Gaussian + fixed Canny),0.6153222701760784,0.9173445426121252,0.7365756494288118,0.4177957252243959,3.992700017988682
01,clean,2 + intensity-Otsu thresholds,0.5420433634690776,0.9668911117165505,0.6946582756533819,0.47582654697489557,3.099700028542429
01,clean,3 + gradient-domain thresholds,0.5418826999001094,0.9703031954228778,0.6954046018861313,0.4801647465874455,7.56960001308471
01,clean,4 + noise-scaled threshold floor,0.5418826999001094,0.9703031954228778,0.6954046018861313,0.4801647465874455,7.277400000020862
01,clean,5 + morphological repair,0.5975454233801851,0.9631546854525876,0.7375262820091758,0.5984097109960478,14.143600012175739
01,clean,6 Proposed (+ noise-adaptive filter),0.6248008033355891,0.985443506013311,0.7647359976672309,0.6537413009124908,21.470800042152405
01,clean,7 Proposed with Sobel + Otsu,0.7552557320824222,0.9823038700553977,0.853945530954213,0.7635013536185101,28.14480004599318
01,gaussian s=10,1 Baseline (Gaussian + fixed Canny),0.6688462303121341,0.9179543066204803,0.7738468235821756,0.41443425928548644,2.844100003130734
01,gaussian s=10,2 + intensity-Otsu thresholds,0.5377325928017823,0.9696415366053011,0.6918094816608874,0.48171951217586584,3.389999968931079
01,gaussian s=10,3 + gradient-domain thresholds,0.5386614684860299,0.9672024805718809,0.6919545538414964,0.4778330996323206,8.353100041858852
01,gaussian s=10,4 + noise-scaled threshold floor,0.5386614684860299,0.9672024805718809,0.6919545538414964,0.4778330996323206,7.540600025095046
01,gaussian s=10,5 + morphological repair,0.5925131204898316,0.961766499305907,0.7332776707980184,0.5957841730152013,14.350100012961775
01,gaussian s=10,6 Proposed (+ noise-adaptive filter),0.5864443638999638,0.9581338626603874,0.7275671687670672,0.5797655889173474,21.017600025516003
01,gaussian s=10,7 Proposed with Sobel + Otsu,0.9655806303364536,0.9483516911220955,0.9568886145320752,0.9425460631276189,28.632899979129434
01,gaussian s=25,1 Baseline (Gaussian + fixed Canny),0.6448838157358336,0.9241297889178635,0.7596573321542844,0.43088450558478836,4.612500022631139
01,gaussian s=25,2 + intensity-Otsu thresholds,0.2509515916639915,0.9826930811245606,0.39980457625284027,0.3020084822765575,5.507700028829277
01,gaussian s=25,3 + gradient-domain thresholds,0.37010694159188173,0.9733649891669586,0.5362957438042144,0.4184369882570762,9.017999982461333
01,gaussian s=25,4 + noise-scaled threshold floor,0.9552501256010909,0.867953657935365,0.909511979127708,0.34221412785948585,7.421999995131046
01,gaussian s=25,5 + morphological repair,0.9627865168539326,0.8609867797973507,0.9090455094396251,0.4108426811722495,15.127999999094754
01,gaussian s=25,6 Proposed (+ noise-adaptive filter),0.975618073316283,0.8611943590342376,0.9148422196126541,0.4360214765704849,28.5563999786973
01,gaussian s=25,7 Proposed with Sobel + Otsu,0.9849634378246976,0.8417078581714864,0.9077182823705816,0.6360591344732521,28.282599989324808
01,salt & pepper 1%,1 Baseline (Gaussian + fixed Canny),0.5307727980390209,0.9221188650605223,0.6737399939216344,0.4492742258211496,4.589600022882223
01,salt & pepper 1%,2 + intensity-Otsu thresholds,0.42465850045846754,0.9731055151208501,0.5912836848469222,0.47240250671948014,4.563199996482581
01,salt & pepper 1%,3 + gradient-domain thresholds,0.42401881284463183,0.9774127842862518,0.5914543518223772,0.4721291212471102,9.701900009531528
01,salt & pepper 1%,4 + noise-scaled threshold floor,0.42401881284463183,0.9774127842862518,0.5914543518223772,0.4721291212471102,9.087400045245886
01,salt & pepper 1%,5 + morphological repair,0.5218620630788272,0.9710167490496763,0.6788719885717571,0.5618207792747755,19.41329997498542
01,salt & pepper 1%,6 Proposed (+ noise-adaptive filter),0.5856691982879131,0.9562267284214896,0.7264206769276144,0.5588491457432126,23.198200040496886
01,salt & pepper 1%,7 Proposed with Sobel + Otsu,0.6355042691147205,0.9471970316169125,0.7606587004219649,0.654497892600399,31.027099990751594
01,salt & pepper 5%,1 Baseline (Gaussian + fixed Canny),0.3993465884585526,0.9470024260823311,0.5617892300339595,0.44734007000285225,4.14400000590831
01,salt & pepper 5%,2 + intensity-Otsu thresholds,0.266234299318611,0.986234901853942,0.4192830575200214,0.3173065103415876,5.1157999550923705
01,salt & pepper 5%,3 + gradient-domain thresholds,0.2660981453879969,0.9872209032291545,0.41920315777118117,0.317215651660013,8.822600007988513
01,salt & pepper 5%,4 + noise-scaled threshold floor,0.42397449777456997,0.9410345230218348,0.5845743628184017,0.47019285834049807,9.533600008580834
01,salt & pepper 5%,5 + morphological repair,0.4548443832683337,0.9367142801541276,0.6123482110448385,0.4976200762404388,17.55109999794513
01,salt & pepper 5%,6 Proposed (+ noise-adaptive filter),0.6314938030006523,0.741135717899817,0.6819358113894315,0.3239590613943505,35.32470000209287
01,salt & pepper 5%,7 Proposed with Sobel + Otsu,0.6001782547242003,0.8794353844756678,0.7134538101213245,0.6206504861812142,42.405800020787865
01,speckle s=0.15,1 Baseline (Gaussian + fixed Canny),0.6368734810875932,0.9230918927334293,0.753725380004908,0.4204105358665164,5.196199985221028
01,speckle s=0.15,2 + intensity-Otsu thresholds,0.5417393199651264,0.9736374369153725,0.696140653566481,0.4886925135655851,5.296899995300919
01,speckle s=0.15,3 + gradient-domain thresholds,0.5421581066052661,0.9719897767225834,0.6960642917247852,0.4861147955637458,9.195399994496256
01,speckle s=0.15,4 + noise-scaled threshold floor,0.5421581066052661,0.9719897767225834,0.6960642917247852,0.4861147955637458,8.717300021089613
01,speckle s=0.15,5 + morphological repair,0.6013799571275456,0.9692263781315273,0.7422271318311966,0.6150252969756855,14.267599966842681
01,speckle s=0.15,6 Proposed (+ noise-adaptive filter),0.6132357449417535,0.9735336472969291,0.7524793890607044,0.6443944626075226,20.18990000942722
01,speckle s=0.15,7 Proposed with Sobel + Otsu,0.9615823599407465,0.955110990023223,0.9583357502744383,0.9402582298328568,28.172100021038204
04,clean,1 Baseline (Gaussian + fixed Canny),0.3414019774239608,0.784829296795812,0.47582105025803173,0.34180678186165037,5.4768999689258635
04,clean,2 + intensity-Otsu thresholds,0.3382542755727654,0.882898675157109,0.48911850328154993,0.3825398503557763,7.603799982462078
04,clean,3 + gradient-domain thresholds,0.3579766110099392,0.9246950237899331,0.5161401902923071,0.4002980777090372,11.779099993873388
04,clean,4 + noise-scaled threshold floor,0.3579766110099392,0.9246950237899331,0.5161401902923071,0.4002980777090372,12.749999994412065
04,clean,5 + morphological repair,0.3881839365848198,0.9077141392098642,0.54380827386615,0.42660358381557184,26.955400011502206
04,clean,6 Proposed (+ noise-adaptive filter),0.4275139189745609,0.9370490943130731,0.5871499178571136,0.46402965939355306,36.48020001128316
04,clean,7 Proposed with Sobel + Otsu,0.4421025940107006,0.9615068150109112,0.6057022051050465,0.4690003985324418,45.409200014546514
04,gaussian s=10,1 Baseline (Gaussian + fixed Canny),0.3710788719133821,0.8069974600221801,0.5083876128976929,0.3471575947854062,5.632899992633611
04,gaussian s=10,2 + intensity-Otsu thresholds,0.34368007995729555,0.8943822368499506,0.4965523213171701,0.3864335264983276,7.456800027284771
04,gaussian s=10,3 + gradient-domain thresholds,0.3538117070050112,0.9258755768611598,0.5119776096138111,0.39889296230000815,12.451300048269331
04,gaussian s=10,4 + noise-scaled threshold floor,0.35333649153345303,0.915775289473998,0.5099264425059735,0.39583970869202256,11.531399970408529
04,gaussian s=10,5 + morphological repair,0.3810321750058751,0.9032781216088911,0.5359733208073698,0.4197880250282377,26.801100000739098
04,gaussian s=10,6 Proposed (+ noise-adaptive filter),0.3773271242268733,0.8984843606530009,0.5314617778345817,0.41647805273077904,36.31409996887669
04,gaussian s=10,7 Proposed with Sobel + Otsu,0.435462061747776,0.9637486733683922,0.5998753065267768,0.46076582836286184,49.79710001498461
04,gaussian s=25,1 Baseline (Gaussian + fixed Canny),0.36551534080470327,0.8824693831312084,0.5169231500008077,0.4059699520452567,5.758300016168505
04,gaussian s=25,2 + intensity-Otsu thresholds,0.20769251258556856,0.9562837620291204,0.34126636704232616,0.25407698176072685,7.527299982029945
04,gaussian s=25,3 + gradient-domain thresholds,0.16249872409921404,0.9724179873358852,0.27846392716060253,0.20817706936931424,13.295800017658621
04,gaussian s=25,4 + noise-scaled threshold floor,0.6999297259311315,0.7663816644605826,0.731649923583068,0.2909657200798155,10.868199984543025
04,gaussian s=25,5 + morphological repair,0.7238427657275824,0.7550888992236969,0.7391357560827966,0.31634844267975953,27.865600015502423
04,gaussian s=25,6 Proposed (+ noise-adaptive filter),0.7950133016358182,0.7507005807367129,0.7722217598451793,0.3362175882038766,48.26440004399046
04,gaussian s=25,7 Proposed with Sobel + Otsu,0.572489630558503,0.9389689836511287,0.7112996697397791,0.5854844698142457,49.76119997445494
04,salt & pepper 1%,1 Baseline (Gaussian + fixed Canny),0.31964480206272644,0.8435588308947162,0.4636147754182119,0.3620470826951986,5.453999969176948
04,salt & pepper 1%,2 + intensity-Otsu thresholds,0.27097725875845113,0.9104568382642293,0.41765020811988823,0.3147049549551869,8.492399996612221
04,salt & pepper 1%,3 + gradient-domain thresholds,0.27991728120488507,0.9417116827054938,0.431557177652408,0.3250987877071598,16.71530003659427
04,salt & pepper 1%,4 + noise-scaled threshold floor,0.27991728120488507,0.9417116827054938,0.431557177652408,0.3250987877071598,13.519799977075309
04,salt & pepper 1%,5 + morphological repair,0.3306228450508309,0.9300850236706854,0.48783285056674475,0.3725001762848993,29.012400016654283
04,salt & pepper 1%,6 Proposed (+ noise-adaptive filter),0.377924427887174,0.8964809978654646,0.5317021748082071,0.4184380630288742,35.902999981772155
04,salt & pepper 1%,7 Proposed with Sobel + Otsu,0.4027861248516789,0.932207634243194,0.5625199338887448,0.43356434809545336,49.08879997674376
04,salt & pepper 5%,1 Baseline (Gaussian + fixed Canny),0.25747107584858986,0.9086323471541516,0.4012449382408833,0.2998710681386628,5.863300000783056
04,salt & pepper 5%,2 + intensity-Otsu thresholds,0.18880427465499833,0.9653108193515305,0.3158347204897692,0.233428603704539,8.89389996882528
04,salt & pepper 5%,3 + gradient-domain thresholds,0.19034928976920598,0.9749460403773,0.31851202274325896,0.23538756261573104,13.11359996907413
04,salt & pepper 5%,4 + noise-scaled threshold floor,0.26413369989437646,0.8941437412800057,0.4078012507646368,0.3051469432509141,11.924699996598065
04,salt & pepper 5%,5 + morphological repair,0.2719606507573885,0.8910432988707234,0.4167289638033997,0.31171962991371244,24.80630000354722
04,salt & pepper 5%,6 Proposed (+ noise-adaptive filter),0.32947479732111384,0.7136145196102982,0.45081086614075094,0.31355731872361225,59.29529998684302
04,salt & pepper 5%,7 Proposed with Sobel + Otsu,0.3897303370786517,0.8832087193980371,0.5408165146170214,0.4204894172086907,66.61699997493997
04,speckle s=0.15,1 Baseline (Gaussian + fixed Canny),0.3743379033723254,0.8201147163691435,0.5140430325597386,0.3551375680126776,5.148900032509118
04,speckle s=0.15,2 + intensity-Otsu thresholds,0.3468344826047176,0.9043513516736427,0.5013807294765498,0.3911412609717737,6.829800026025623
04,speckle s=0.15,3 + gradient-domain thresholds,0.3553677627679794,0.9468989613517929,0.5167871669152188,0.4054681583463714,12.542299984488636
04,speckle s=0.15,4 + noise-scaled threshold floor,0.35581688979787757,0.9393505765630403,0.5161290864132376,0.4038302143485151,11.844300024677068
04,speckle s=0.15,5 + morphological repair,0.3961166896683006,0.9320168377872381,0.5559492579133876,0.43781629823289725,23.71149999089539
04,speckle s=0.15,6 Proposed (+ noise-adaptive filter),0.40652853236745856,0.94760252328313,0.5689662923695519,0.45022698128698346,33.66100002313033
04,speckle s=0.15,7 Proposed with Sobel + Otsu,0.43865718898744,0.9710704873656972,0.6043252997606543,0.4655762225149272,41.71259998111054
05,clean,1 Baseline (Gaussian + fixed Canny),0.3908230152949745,0.8573717948717948,0.5369043796230648,0.33910225609114375,6.476799957454205
05,clean,2 + intensity-Otsu thresholds,0.32055389993053846,0.9523998728544183,0.4796646980650524,0.35174609123997846,7.283999992068857
05,clean,3 + gradient-domain thresholds,0.3177416427328344,0.9683195592286501,0.47847714707571093,0.3505976501818823,12.255400011781603
05,clean,4 + noise-scaled threshold floor,0.3177416427328344,0.9683195592286501,0.47847714707571093,0.3505976501818823,12.633799982722849
05,clean,5 + morphological repair,0.3514696995214932,0.9574459631277813,0.514186291097591,0.3814790765056024,26.27610001945868
05,clean,6 Proposed (+ noise-adaptive filter),0.4194979628478696,0.979815638906548,0.5874746932673887,0.44142593738719194,33.93620002316311
05,clean,7 Proposed with Sobel + Otsu,0.4645832051045321,0.9949671540580631,0.6334074415510252,0.4787975136174106,51.95850000018254
05,gaussian s=10,1 Baseline (Gaussian + fixed Canny),0.50975578786981,0.846047891502437,0.6361950717055186,0.3345710848025624,5.464399990160018
05,gaussian s=10,2 + intensity-Otsu thresholds,0.3231210632193385,0.9574724517906336,0.4831814514122495,0.353786076078214,7.2265000198967755
05,gaussian s=10,3 + gradient-domain thresholds,0.31723475956472297,0.969988344988345,0.47810518365392674,0.35016798827699125,12.351499986834824
05,gaussian s=10,4 + noise-scaled threshold floor,0.3215316903312318,0.961763615172706,0.481942822605623,0.3525956947690425,11.861899984069169
05,gaussian s=10,5 + morphological repair,0.3547948198466611,0.95432030091121,0.5172775012205029,0.38300220331332896,25.924600020516664
05,gaussian s=10,6 Proposed (+ noise-adaptive filter),0.35208402232845276,0.9515257469802925,0.5139835865506804,0.38044439093364946,35.50079994602129
05,gaussian s=10,7 Proposed with Sobel + Otsu,0.4693205203670495,0.9950068870523416,0.6378042883499186,0.4815645365846432,44.12120004417375
05,gaussian s=25,1 Baseline (Gaussian + fixed Canny),0.5588510354041416,0.9103491205763933,0.6925530827674476,0.40161017271016725,6.231500010471791
05,gaussian s=25,2 + intensity-Otsu thresholds,0.15256177005692823,0.9813917143462598,0.2640723082899109,0.18806613222607269,7.991100021172315
05,gaussian s=25,3 + gradient-domain thresholds,0.12652119107723112,0.9859345200254291,0.2242635073968603,0.1627745917870148,15.714700042735785
05,gaussian s=25,4 + noise-scaled threshold floor,0.9261891302592263,0.8082353252807798,0.8632013583243917,0.30094848516157696,12.121800042223185
05,gaussian s=25,5 + morphological repair,0.9419649379108839,0.8028448823903369,0.8668586352434979,0.3375174440803037,25.29100002720952
05,gaussian s=25,6 Proposed (+ noise-adaptive filter),0.9547509738452977,0.7916401780038144,0.8655784015899655,0.3574037110961501,36.528300028294325
05,gaussian s=25,7 Proposed with Sobel + Otsu,0.7111084124147742,0.9764383343928799,0.8229147015981173,0.7056114914867342,50.322099996265024
05,salt & pepper 1%,1 Baseline (Gaussian + fixed Canny),0.3319777017610541,0.8762449671540581,0.481523477186029,0.3606491273956094,6.115800002589822
05,salt & pepper 1%,2 + intensity-Otsu thresholds,0.2493967940499606,0.9593001695274422,0.39587488679317245,0.2823838200153677,8.665399975143373
05,salt & pepper 1%,3 + gradient-domain thresholds,0.2489287105570705,0.974597372324645,0.39656738111162426,0.2832802986584759,13.54479999281466
05,salt & pepper 1%,4 + noise-scaled threshold floor,0.2489287105570705,0.974597372324645,0.39656738111162426,0.2832802986584759,12.886299984529614
05,salt & pepper 1%,5 + morphological repair,0.301230923592581,0.9683195592286501,0.459513503568618,0.33245481880246314,27.185700018890202
05,salt & pepper 1%,6 Proposed (+ noise-adaptive filter),0.35889947740547185,0.9535123966942148,0.5215056456388006,0.38489007430749866,36.65299998829141
05,salt & pepper 1%,7 Proposed with Sobel + Otsu,0.4128605025374428,0.9732332061877517,0.5797725623649941,0.4310649909094731,44.59220002172515
05,salt & pepper 5%,1 Baseline (Gaussian + fixed Canny),0.2469826274685947,0.9335664335664335,0.39062280135409233,0.2792745019333854,6.543199997395277
05,salt & pepper 5%,2 + intensity-Otsu thresholds,0.16428571428571428,0.9840935579571943,0.2815664075461825,0.20022289328363277,9.439600049518049
05,salt & pepper 5%,3 + gradient-domain thresholds,0.16401504425131716,0.9862523839796568,0.2812567311414976,0.20025903701329953,16.708399984054267
05,salt & pepper 5%,4 + noise-scaled threshold floor,0.25929396815311917,0.9282289680016953,0.40535498749551196,0.29009872130401965,14.753600000403821
05,salt & pepper 5%,5 + morphological repair,0.2737226751129342,0.9243881118881119,0.42237494157272354,0.30354606229456765,28.065099962987006
05,salt & pepper 5%,6 Proposed (+ noise-adaptive filter),0.3849040867389491,0.7516158084339902,0.5090979886099053,0.2983729441356032,63.04979999549687
05,salt & pepper 5%,7 Proposed with Sobel + Otsu,0.3908301189588668,0.9384800805255351,0.5518445305762143,0.41079641061143846,71.4556000311859
05,speckle s=0.15,1 Baseline (Gaussian + fixed Canny),0.4779491470627389,0.8657157236702692,0.615879897941046,0.34862536855262843,6.125799962319434
05,speckle s=0.15,2 + intensity-Otsu thresholds,0.326312473522415,0.9597769654587837,0.4870379712888252,0.3578376605157165,6.581099994946271
05,speckle s=0.15,3 + gradient-domain thresholds,0.32087533808704205,0.9735113371477008,0.4826622297887702,0.35783622229277495,12.413399992510676
05,speckle s=0.15,4 + noise-scaled threshold floor,0.32267547173717276,0.9721736596736597,0.4845299527735042,0.3587239371862613,11.834600009024143
05,speckle s=0.15,5 + morphological repair,0.36528183832703304,0.9649952320406866,0.5299576158810374,0.3978909842093012,25.63619997818023
05,speckle s=0.15,6 Proposed (+ noise-adaptive filter),0.38450006626027033,0.9760542487815215,0.5516765029973619,0.41886419502764766,33.55210000881925
05,speckle s=0.15,7 Proposed with Sobel + Otsu,0.4777141053114955,0.9959339902521721,0.6457060088292549,0.4920530778947963,43.3014000300318
06,clean,1 Baseline (Gaussian + fixed Canny),0.33151430462602044,0.8474386616085805,0.47658905259579265,0.3374946428381574,5.052499996963888
06,clean,2 + intensity-Otsu thresholds,0.263273473966404,0.95262138042084,0.4125355729455038,0.3087994266836275,6.798000016715378
06,clean,3 + gradient-domain thresholds,0.2692321934420766,0.9693649190797194,0.4214191051653066,0.31746804588519945,12.647700030356646
06,clean,4 + noise-scaled threshold floor,0.2692321934420766,0.9693649190797194,0.4214191051653066,0.31746804588519945,14.414300036150962
06,clean,5 + morphological repair,0.28977430570170637,0.9559782757020824,0.4447399029995586,0.3342079505727691,29.64259998407215
06,clean,6 Proposed (+ noise-adaptive filter),0.3411405530842116,0.9746458884855763,0.5053878455572873,0.3793842661776514,35.05169996060431
06,clean,7 Proposed with Sobel + Otsu,0.3887596456883005,0.9952375753936846,0.5591170289825494,0.415352806354176,42.06159996101633
06,gaussian s=10,1 Baseline (Gaussian + fixed Canny),0.4024221392642445,0.8602248846920116,0.5483298685667997,0.33703925356765047,5.386499979067594
06,gaussian s=10,2 + intensity-Otsu thresholds,0.26513019494179796,0.9565786959962883,0.41518547999094435,0.31003852055496306,7.4631000170484185
06,gaussian s=10,3 + gradient-domain thresholds,0.2666546762589928,0.9708659698152343,0.41839455639502315,0.31512806697192586,12.508600018918514
06,gaussian s=10,4 + noise-scaled threshold floor,0.26780215817359704,0.9641112415054174,0.4191708138930069,0.3131536238769873,12.653500016313046
06,gaussian s=10,5 + morphological repair,0.28904731586354804,0.955732649218089,0.4438566890358473,0.3306813409354406,24.387700017541647
06,gaussian s=10,6 Proposed (+ noise-adaptive filter),0.28618637908010613,0.9534401353674845,0.44023191958274743,0.32805167753489095,34.50930002145469
06,gaussian s=10,7 Proposed with Sobel + Otsu,0.37635751936965073,0.9955241396250102,0.5462176612761798,0.4012618736782631,42.33880003448576
06,gaussian s=25,1 Baseline (Gaussian + fixed Canny),0.3791182711637257,0.9110559209628558,0.535428390672732,0.4085236489380136,6.758000003173947
06,gaussian s=25,2 + intensity-Otsu thresholds,0.15450456589886874,0.9768565268415164,0.2668092346353277,0.19861056349498327,7.065600017085671
06,gaussian s=25,3 + gradient-domain thresholds,0.12502971820152436,0.9836931306459976,0.22186044970443067,0.16872305777947413,14.157500001601875
06,gaussian s=25,4 + noise-scaled threshold floor,0.9114068924589886,0.8292895936246282,0.8684113026211889,0.29199191511015876,11.331500019878149
06,gaussian s=25,5 + morphological repair,0.9288398401961948,0.8240359160503261,0.873304780276128,0.31757084416303194,25.468100036960095
06,gaussian s=25,6 Proposed (+ noise-adaptive filter),0.9668340235276872,0.8255506127016184,0.890624037241458,0.35403673563467614,35.45969998231158
06,gaussian s=25,7 Proposed with Sobel + Otsu,0.5986801557356103,0.9804726945225294,0.7434233429085828,0.609035620080026,51.33779998868704
06,salt & pepper 1%,1 Baseline (Gaussian + fixed Canny),0.24837614552875842,0.87860593324418,0.3872728045072214,0.29021879799059025,7.103600015398115
06,salt & pepper 1%,2 + intensity-Otsu thresholds,0.2167279964490772,0.9601675718457465,0.35363408565300025,0.26073710515721965,9.731600002851337
06,salt & pepper 1%,3 + gradient-domain thresholds,0.21955368549686163,0.9751507873693404,0.3584115639384277,0.2652012441178537,13.088100007735193
06,salt & pepper 1%,4 + noise-scaled threshold floor,0.21955368549686163,0.9751507873693404,0.3584115639384277,0.2652012441178537,12.40549999056384
06,salt & pepper 1%,5 + morphological repair,0.2521740791199277,0.9657487513987064,0.39992156472094753,0.29540478486440386,25.64789995085448
06,salt & pepper 1%,6 Proposed (+ noise-adaptive filter),0.29282055422486564,0.9495374034551459,0.4476070153825831,0.33702357194915405,35.864500037860125
06,salt & pepper 1%,7 Proposed with Sobel + Otsu,0.3438796045148307,0.975874020905543,0.5085542724058125,0.37467378900025117,44.26440002862364
06,salt & pepper 5%,1 Baseline (Gaussian + fixed Canny),0.2087369095418419,0.9352364837204225,0.3412988002210028,0.2509694505116815,7.758199993986636
06,salt & pepper 5%,2 + intensity-Otsu thresholds,0.15538438278334354,0.983502087825114,0.2683689179329517,0.19820759035753874,10.720100020989776
06,salt & pepper 5%,3 + gradient-domain thresholds,0.1555447421191632,0.9870227340956852,0.2687389582438905,0.1989379142606895,14.054200029931962
06,salt & pepper 5%,4 + noise-scaled threshold floor,0.22014907058765784,0.9316612537867416,0.3561425953272032,0.26104851694834835,12.60679995175451
06,salt & pepper 5%,5 + morphological repair,0.22471584092671848,0.9268715373488715,0.36173150361942785,0.26420606730617147,26.015100011136383
06,salt & pepper 5%,6 Proposed (+ noise-adaptive filter),0.3178080086081008,0.7707759067711034,0.4500502947973415,0.31125070147028805,60.3586999932304
06,salt & pepper 5%,7 Proposed with Sobel + Otsu,0.3325193987736719,0.9242242296880544,0.48907745100581795,0.3657977857468932,80.34329995280132
06,speckle s=0.15,1 Baseline (Gaussian + fixed Canny),0.3667930179231597,0.8668977375071641,0.5154809436179977,0.34558933292433086,5.397400003857911
06,speckle s=0.15,2 + intensity-Otsu thresholds,0.26703065240286017,0.9600584045195273,0.4178425692209776,0.31364146418136657,6.611799995880574
06,speckle s=0.15,3 + gradient-domain thresholds,0.26754612336304706,0.9749188068011244,0.41986818463987247,0.32059529729899955,12.611599988304079
06,speckle s=0.15,4 + noise-scaled threshold floor,0.26806648395367344,0.9727354602767392,0.42030523221846566,0.3196195447801091,13.25580000411719
06,speckle s=0.15,5 + morphological repair,0.29739203037248835,0.9692966895008324,0.45514119767769373,0.3444329871545439,26.04050002992153
06,speckle s=0.15,6 Proposed (+ noise-adaptive filter),0.3097885407419266,0.9774569471357223,0.47046964101693567,0.3599765627408043,34.738700021989644
06,speckle s=0.15,7 Proposed with Sobel + Otsu,0.38142849085337194,0.9964793537294288,0.551685103693768,0.409242776880942,58.13099996885285
07,clean,1 Baseline (Gaussian + fixed Canny),0.4620482930890924,0.6939321679161449,0.5547328601496415,0.24694089168615477,5.659500020556152
07,clean,2 + intensity-Otsu thresholds,0.3362597441913267,0.8365613902660788,0.4797013130588816,0.334402513772441,6.188600033055991
07,clean,3 + gradient-domain thresholds,0.3404110611615215,0.9147381242387332,0.4961752422405606,0.37464359911755873,8.623400004580617
07,clean,4 + noise-scaled threshold floor,0.3404110611615215,0.9147381242387332,0.4961752422405606,0.37464359911755873,8.41089995810762
07,clean,5 + morphological repair,0.3469701680603512,0.8878214475648042,0.4989466286798276,0.380131511875557,17.925499996636063
07,clean,6 Proposed (+ noise-adaptive filter),0.41462404555454896,0.951827897960234,0.5776284129083024,0.4467384335716109,25.295900006312877
07,clean,7 Proposed with Sobel + Otsu,0.4551354206624199,0.9706815803468803,0.6197030461661023,0.47603450682250803,30.70319996913895
07,gaussian s=10,1 Baseline (Gaussian + fixed Canny),0.7725672760304303,0.6483162066185174,0.7050090902878025,0.23531762959807856,3.6942000151611865
07,gaussian s=10,2 + intensity-Otsu thresholds,0.33849122807017545,0.8632035820281004,0.486291258146269,0.36389948026081437,4.248400044161826
07,gaussian s=10,3 + gradient-domain thresholds,0.3136833776069632,0.9302122111475185,0.4691585225029505,0.3540704895478528,9.63490002322942
07,gaussian s=10,4 + noise-scaled threshold floor,0.3377524826048774,0.8813024309070011,0.48834893435118853,0.3719435033477972,8.153200033120811
07,gaussian s=10,5 + morphological repair,0.34492485696527325,0.8705117428076375,0.49407947470170827,0.3780229017305291,17.507000011391938
07,gaussian s=10,6 Proposed (+ noise-adaptive filter),0.3433481961897041,0.8635638434749789,0.49134166899877735,0.3763186695993147,25.89089999673888
07,gaussian s=10,7 Proposed with Sobel + Otsu,0.4728044344361684,0.961709354788904,0.6339436413902586,0.4907704175738389,29.355600010603666
07,gaussian s=25,1 Baseline (Gaussian + fixed Canny),0.711345267769469,0.7585218987493781,0.7341764963058163,0.33107986942782724,4.1096999775618315
07,gaussian s=25,2 + intensity-Otsu thresholds,0.14996691906197163,0.9587757972928925,0.25936522562044195,0.18456573958884415,5.092899955343455
07,gaussian s=25,3 + gradient-domain thresholds,0.11722395871192848,0.9843543600212726,0.20949924829627575,0.152301224809745,9.94610000634566
07,gaussian s=25,4 + noise-scaled threshold floor,0.9491214667685256,0.5804498121493884,0.7203552847599046,0.20948473503366172,8.765999984461814
07,gaussian s=25,5 + morphological repair,0.9529344238771703,0.5688356693143024,0.7124112811048727,0.22357518359537948,16.99819997884333
07,gaussian s=25,6 Proposed (+ noise-adaptive filter),0.9676891883053176,0.5716148290473658,0.7186955711262751,0.2477192730448607,26.99320000829175
07,gaussian s=25,7 Proposed with Sobel + Otsu,0.49833875733602034,0.9649345525038171,0.6572446617754192,0.5154414552319844,38.38069998892024
07,salt & pepper 1%,1 Baseline (Gaussian + fixed Canny),0.40443593260695154,0.7135235285035426,0.5162522680396398,0.28594829057802607,4.787800018675625
07,salt & pepper 1%,2 + intensity-Otsu thresholds,0.2577210830736398,0.8783860287179839,0.3985162953886565,0.29073611471290955,4.629399976693094
07,salt & pepper 1%,3 + gradient-domain thresholds,0.2589522910400246,0.9342608635981541,0.40550842088417083,0.29528381620396715,8.93249997170642
07,salt & pepper 1%,4 + noise-scaled threshold floor,0.2589522910400246,0.9342608635981541,0.40550842088417083,0.29528381620396715,9.530199982691556
07,salt & pepper 1%,5 + morphological repair,0.3054723319260974,0.9103635209552075,0.45744804611184353,0.3408596120651816,18.485000007785857
07,salt & pepper 1%,6 Proposed (+ noise-adaptive filter),0.3720257433707726,0.8973597982535898,0.5259882597829821,0.4047248253683491,24.294800008647144
07,salt & pepper 1%,7 Proposed with Sobel + Otsu,0.4312798650197705,0.9415690243776912,0.5915869763621757,0.45304633115329596,30.299599980935454
07,salt & pepper 5%,1 Baseline (Gaussian + fixed Canny),0.28737571128191114,0.8509032269132456,0.42964674450357465,0.31842221401832177,4.170000029262155
07,salt & pepper 5%,2 + intensity-Otsu thresholds,0.17459958274921902,0.9623441011476901,0.2955729134193323,0.20932660251653737,5.725800001528114
07,salt & pepper 5%,3 + gradient-domain thresholds,0.1742990931823951,0.9697037278482098,0.2954861252304715,0.20945154452570744,11.042900034226477
07,salt & pepper 5%,4 + noise-scaled threshold floor,0.2894486692015209,0.8293904719424954,0.4291340185090566,0.317383452404617,8.442799968179315
07,salt & pepper 5%,5 + morphological repair,0.3150913967032104,0.8234890463364842,0.45578565022113493,0.3423107018422205,18.957799999043345
07,salt & pepper 5%,6 Proposed (+ noise-adaptive filter),0.6426232449647872,0.6857490864799025,0.6634861217051812,0.2489136718540413,43.63069997634739
07,salt & pepper 5%,7 Proposed with Sobel + Otsu,0.422806092797578,0.9157502873513922,0.5785110088978263,0.44356127746323826,52.944299997761846
07,speckle s=0.15,1 Baseline (Gaussian + fixed Canny),0.734714263182798,0.658557924894066,0.6945547391132492,0.242529075611625,3.7543000071309507
07,speckle s=0.15,2 + intensity-Otsu thresholds,0.34954229472090304,0.8834296889742842,0.5008970922164683,0.38389620627772164,4.586199996992946
07,speckle s=0.15,3 + gradient-domain thresholds,0.3351167858739383,0.9546928342282686,0.4960942903776851,0.382008399569881,7.922599965240806
07,speckle s=0.15,4 + noise-scaled threshold floor,0.34477518955797665,0.9323051586008132,0.5033914870679822,0.38862750677878877,8.04499996593222
07,speckle s=0.15,5 + morphological repair,0.36682151997329476,0.9235559520337616,0.5250869694407609,0.4100309477265984,17.893699987325817
07,speckle s=0.15,6 Proposed (+ noise-adaptive filter),0.3778198454014829,0.9576435470312741,0.5418594608272675,0.42613714687291426,23.893500037956983
07,speckle s=0.15,7 Proposed with Sobel + Otsu,0.46487850836890654,0.9849033298450875,0.6316266058760922,0.48948555463517723,33.170800015795976
08,clean,1 Baseline (Gaussian + fixed Canny),0.8667963186150981,0.8602681721947777,0.8635199075055972,0.3135617047487106,6.209300016053021
08,clean,2 + intensity-Otsu thresholds,0.7538583761453312,0.9220428526621187,0.8295115675031645,0.3602715247184037,6.52950000949204
08,clean,3 + gradient-domain thresholds,0.7394251234682702,0.9242972241825452,0.8215897202770532,0.363585087245926,11.199600005056709
08,clean,4 + noise-scaled threshold floor,0.7394251234682702,0.9242972241825452,0.8215897202770532,0.363585087245926,10.724899999331683
08,clean,5 + morphological repair,0.755137912385073,0.9167548812044225,0.8281348778054601,0.39470684843219483,24.01980001013726
08,clean,6 Proposed (+ noise-adaptive filter),0.7624089464951376,0.9471447894613032,0.8447955111601714,0.5145953674921643,30.957499984651804
08,clean,7 Proposed with Sobel + Otsu,0.9773291473928519,0.9198864972947541,0.9477382169145173,0.8666212422320327,41.190699965227395
08,gaussian s=10,1 Baseline (Gaussian + fixed Canny),0.9167102206736353,0.8564357406100526,0.8855485266413665,0.3099497391510063,5.487399990670383
08,gaussian s=10,2 + intensity-Otsu thresholds,0.7230400313203484,0.9343095742178311,0.8152090802664386,0.3766215366810272,6.260699999984354
08,gaussian s=10,3 + gradient-domain thresholds,0.7318802126615738,0.9295900964478946,0.8189717189000364,0.3716870528912769,13.39949999237433
08,gaussian s=10,4 + noise-scaled threshold floor,0.7318802126615738,0.9295900964478946,0.8189717189000364,0.3716870528912769,10.857799963559955
08,gaussian s=10,5 + morphological repair,0.7476550680786687,0.9232092448835568,0.8262096035920025,0.4118131369752309,24.299399985466152
08,gaussian s=10,6 Proposed (+ noise-adaptive filter),0.7509827300333476,0.9223418019289579,0.8278881367073502,0.4068711609521388,33.88689999701455
08,gaussian s=10,7 Proposed with Sobel + Otsu,0.980672717078663,0.9425576334980005,0.9612374879260444,0.9499545918940627,41.041200049221516
08,gaussian s=25,1 Baseline (Gaussian + fixed Canny),0.8776634089270731,0.9022190857053243,0.8897718593751811,0.36583757424814156,6.041700020432472
08,gaussian s=25,2 + intensity-Otsu thresholds,0.44902439263418886,0.9712371598839489,0.6141251589151574,0.49770808734161565,7.048800005577505
08,gaussian s=25,3 + gradient-domain thresholds,0.6173522996543453,0.9555888810475966,0.7501043274556415,0.4406461537536172,11.573900002986193
08,gaussian s=25,4 + noise-scaled threshold floor,0.9771837194184148,0.820199168823022,0.8918358794864769,0.29877017417515,10.702900006435812
08,gaussian s=25,5 + morphological repair,0.9785780240073869,0.814631851329099,0.8891104586600856,0.33284842365502054,22.528600005898625
08,gaussian s=25,6 Proposed (+ noise-adaptive filter),0.9844825574612064,0.8197826001725085,0.8946153699919431,0.3657290808346903,35.32929997891188
08,gaussian s=25,7 Proposed with Sobel + Otsu,0.9894666708969193,0.8652964008468595,0.9232251408586414,0.7440781415890454,44.60630001267418
08,salt & pepper 1%,1 Baseline (Gaussian + fixed Canny),0.7921852623735286,0.8784795734337019,0.8331037518175921,0.33943299736515076,5.384700023569167
08,salt & pepper 1%,2 + intensity-Otsu thresholds,0.6218798782699191,0.9383086332627617,0.7480060958272704,0.4083619078571296,6.513600004836917
08,salt & pepper 1%,3 + gradient-domain thresholds,0.6183395387521279,0.9423321963459578,0.7467057197690822,0.4127304899958717,11.07339997543022
08,salt & pepper 1%,4 + noise-scaled threshold floor,0.6183395387521279,0.9423321963459578,0.7467057197690822,0.4127304899958717,16.293700027745217
08,salt & pepper 1%,5 + morphological repair,0.691228856278705,0.934882968713244,0.7948015324484778,0.47129901915418265,26.643099961802363
08,salt & pepper 1%,6 Proposed (+ noise-adaptive filter),0.7481497352938551,0.9326678036540422,0.8302806869300557,0.42328533277789726,33.64239999791607
08,salt & pepper 1%,7 Proposed with Sobel + Otsu,0.9371334728640405,0.9291686269897279,0.9331340540799078,0.8696870001596603,43.3502999949269
08,salt & pepper 5%,1 Baseline (Gaussian + fixed Canny),0.6407583560684533,0.9333735199560887,0.7598688411739712,0.44854889526124975,6.45690003875643
08,salt & pepper 5%,2 + intensity-Otsu thresholds,0.4567327196130442,0.9737904806712147,0.6218172127259157,0.5029603724992724,9.188500000163913
08,salt & pepper 5%,3 + gradient-domain thresholds,0.45675647950331616,0.9737071669411119,0.6218222444794552,0.502942368737824,13.003000000026077
08,salt & pepper 5%,4 + noise-scaled threshold floor,0.6582025322366015,0.927188700697875,0.7698767824405248,0.4294792370715891,10.969499999191612
08,salt & pepper 5%,5 + morphological repair,0.6844700558853674,0.922346702736611,0.7858004912884249,0.5351129871665574,22.96009997371584
08,salt & pepper 5%,6 Proposed (+ noise-adaptive filter),0.9181859120556661,0.831426919156277,0.8726553331737221,0.3078956634506002,57.923799962736666
08,salt & pepper 5%,7 Proposed with Sobel + Otsu,0.897027316550616,0.9183476436916804,0.9075622838505824,0.8114021894436512,66.42960000317544
08,speckle s=0.15,1 Baseline (Gaussian + fixed Canny),0.8917841220613075,0.8589498549360934,0.8750590921786956,0.3166892914310757,5.278800032101572
08,speckle s=0.15,2 + intensity-Otsu thresholds,0.7245897859585751,0.9357994197443739,0.8167611532570329,0.38448761674085363,6.597800005692989
08,speckle s=0.15,3 + gradient-domain thresholds,0.7350769443102615,0.9311387516662746,0.8215726570773525,0.37888752381815893,10.042899986729026
08,speckle s=0.15,4 + noise-scaled threshold floor,0.7350769443102615,0.9311387516662746,0.8215726570773525,0.37888752381815893,10.926599963568151
08,speckle s=0.15,5 + morphological repair,0.7545433673018844,0.9252087744060221,0.8312061366241311,0.4308127934067664,22.90979999816045
08,speckle s=0.15,6 Proposed (+ noise-adaptive filter),0.7582213011828136,0.925296988943778,0.8334686840672647,0.4348514820453102,33.06459996383637
08,speckle s=0.15,7 Proposed with Sobel + Otsu,0.9775525775927847,0.9455618285893516,0.9612911221916398,0.9476375304581797,40.21930001908913
09,clean,1 Baseline (Gaussian + fixed Canny),0.7401805625494569,0.8251338204917487,0.7803518859177156,0.3111304950257901,5.349299986846745
09,clean,2 + intensity-Otsu thresholds,0.5843078266776651,0.9100903982408991,0.7116884024742856,0.3846126500167738,6.210100022144616
09,clean,3 + gradient-domain thresholds,0.5655053333484795,0.925734254344076,0.7021107304494157,0.4010412246772483,11.566200002562255
09,clean,4 + noise-scaled threshold floor,0.5655053333484795,0.925734254344076,0.7021107304494157,0.4010412246772483,10.768800042569637
09,clean,5 + morphological repair,0.5991301007961966,0.9106382663675603,0.722747685252691,0.4568972569515912,24.18579999357462
09,clean,6 Proposed (+ noise-adaptive filter),0.6521804498717874,0.9554672056504453,0.7752159248058934,0.6041227952696424,32.4798000510782
09,clean,7 Proposed with Sobel + Otsu,0.8956288010038571,0.9276295819173904,0.9113483618237854,0.8828625268541953,39.52930000377819
09,gaussian s=10,1 Baseline (Gaussian + fixed Canny),0.836994456990351,0.8045221331319548,0.8204371128619873,0.30397255602043427,5.339000024832785
09,gaussian s=10,2 + intensity-Otsu thresholds,0.5837468694926259,0.9235501854607645,0.7153460929421458,0.40168833354441547,8.053099969401956
09,gaussian s=10,3 + gradient-domain thresholds,0.5786282984531392,0.928162642797385,0.7128542599863243,0.40660114395357044,10.460999968927354
09,gaussian s=10,4 + noise-scaled threshold floor,0.5786282984531392,0.928162642797385,0.7128542599863243,0.40660114395357044,11.801299988292158
09,gaussian s=10,5 + morphological repair,0.6076367096552143,0.9153913925475128,0.7304204210149726,0.472804277837059,23.183099983725697
09,gaussian s=10,6 Proposed (+ noise-adaptive filter),0.6074450431255249,0.9126372446675403,0.7294038946403455,0.466952004684071,35.18089995486662
09,gaussian s=10,7 Proposed with Sobel + Otsu,0.9485491172951376,0.9286660891840467,0.9385023050283103,0.926168877230748,47.31980001088232
09,gaussian s=25,1 Baseline (Gaussian + fixed Canny),0.7454529230677711,0.8778476186245548,0.8062512843487828,0.38073918828708697,6.508099962957203
09,gaussian s=25,2 + intensity-Otsu thresholds,0.32189213893967095,0.9655805551236776,0.4828262248053896,0.3774048186802882,7.799700018949807
09,gaussian s=25,3 + gradient-domain thresholds,0.3950758604633115,0.9583842332437494,0.5595059320385044,0.44798487195469655,13.806200004182756
09,gaussian s=25,4 + noise-scaled threshold floor,0.9595877806404122,0.7689995483789767,0.8537868553752248,0.2857624740344786,13.44710000557825
09,gaussian s=25,5 + morphological repair,0.9647500106559823,0.7631358786990353,0.8521805191449042,0.3295511870504282,27.43169997120276
09,gaussian s=25,6 Proposed (+ noise-adaptive filter),0.9723297405665059,0.759271187319074,0.8526929556304335,0.3550297436585033,39.473699987865984
09,gaussian s=25,7 Proposed with Sobel + Otsu,0.9802794033081893,0.8111483760152218,0.8877299494986312,0.6279003986026115,46.08729999745265
09,salt & pepper 1%,1 Baseline (Gaussian + fixed Canny),0.6337992086760981,0.84467198246822,0.7241973158298375,0.3470893867484356,5.958600027952343
09,salt & pepper 1%,2 + intensity-Otsu thresholds,0.46294448554078,0.933930065373994,0.6190359375686123,0.441226215698788,6.794299988541752
09,salt & pepper 1%,3 + gradient-domain thresholds,0.45807044562571414,0.946064604017206,0.617268595158398,0.45600664522228496,12.373399978969246
09,salt & pepper 1%,4 + noise-scaled threshold floor,0.45807044562571414,0.946064604017206,0.617268595158398,0.45600664522228496,12.38319999538362
09,salt & pepper 1%,5 + morphological repair,0.5410128842964664,0.9341373668273253,0.6851916959256878,0.5429243990222673,26.392299972940236
09,salt & pepper 1%,6 Proposed (+ noise-adaptive filter),0.6108254238782287,0.9411263872539221,0.7408270286407913,0.49176716882088234,40.1543999905698
09,salt & pepper 1%,7 Proposed with Sobel + Otsu,0.7809014411213109,0.9349961871339834,0.8510296394759361,0.7851521988157929,45.22180004278198
09,salt & pepper 5%,1 Baseline (Gaussian + fixed Canny),0.47889382409614945,0.9147102592008529,0.628656444421913,0.4733977435926405,6.562800030224025
09,salt & pepper 5%,2 + intensity-Otsu thresholds,0.31476390904256757,0.9711850979869548,0.4754372314535252,0.36796609423434756,7.826299988664687
09,salt & pepper 5%,3 + gradient-domain thresholds,0.3138959802883803,0.9742427944235909,0.4748104831528941,0.3677862029350528,13.399099989328533
09,salt & pepper 5%,4 + noise-scaled threshold floor,0.48537718304254934,0.9061368633809387,0.6321433252208779,0.44947912207196306,13.065500010270625
09,salt & pepper 5%,5 + morphological repair,0.5165406393476569,0.9005397241409946,0.6565123289417131,0.5506819629673827,25.688699970487505
09,salt & pepper 5%,6 Proposed (+ noise-adaptive filter),0.8248952364662618,0.7448119109492185,0.7828107279971793,0.2847872563889653,60.23050000658259
09,salt & pepper 5%,7 Proposed with Sobel + Otsu,0.7263380896005982,0.8971710755243616,0.8027666723903244,0.7362466542966131,70.42060000821948
09,speckle s=0.15,1 Baseline (Gaussian + fixed Canny),0.8031989666046123,0.8215800812917842,0.8122855512333912,0.31622364546540327,10.096499987412244
09,speckle s=0.15,2 + intensity-Otsu thresholds,0.5931819475271755,0.9319977196840133,0.7249561928188205,0.41559602880921104,12.226800026837736
09,speckle s=0.15,3 + gradient-domain thresholds,0.5775252965806001,0.937639280663957,0.7147875706490584,0.42494037620994213,14.383899979293346
09,speckle s=0.15,4 + noise-scaled threshold floor,0.5775252965806001,0.937639280663957,0.7147875706490584,0.42494037620994213,12.698700011242181
09,speckle s=0.15,5 + morphological repair,0.6159169881397953,0.9259415557974072,0.7397606433906985,0.5066722098003125,27.414299955125898
09,speckle s=0.15,6 Proposed (+ noise-adaptive filter),0.6209582036865186,0.9330638414440027,0.7456697911376767,0.5367044700191762,34.15709995897487
09,speckle s=0.15,7 Proposed with Sobel + Otsu,0.9522252847039719,0.9334636371039987,0.9427511264688634,0.9291149054675262,43.401199975050986
10,clean,1 Baseline (Gaussian + fixed Canny),0.535121537746425,0.7102754634842002,0.6103815857395585,0.304411228441607,5.76339999679476
10,clean,2 + intensity-Otsu thresholds,0.48738525376289366,0.847601891465886,0.6188953420839333,0.39210072833739934,6.633399985730648
10,clean,3 + gradient-domain thresholds,0.48745092775895044,0.9337236358177587,0.6405187148922118,0.4652484268877345,12.16240000212565
10,clean,4 + noise-scaled threshold floor,0.48745092775895044,0.9337236358177587,0.6405187148922118,0.4652484268877345,12.236799986567348
10,clean,5 + morphological repair,0.5295838847228349,0.9215942355325377,0.6726416951567674,0.5579298861495067,27.121299994178116
10,clean,6 Proposed (+ noise-adaptive filter),0.5638970422217204,0.9605494258049989,0.7106198761053735,0.5938756267136367,39.73109996877611
10,clean,7 Proposed with Sobel + Otsu,0.6775911373308414,0.8618329205133979,0.7586867904579944,0.6835257421445079,46.31069995230064
10,gaussian s=10,1 Baseline (Gaussian + fixed Canny),0.66292359468195,0.7123020340764092,0.686726330653875,0.3071575323720321,7.306399988010526
10,gaussian s=10,2 + intensity-Otsu thresholds,0.4981312907045589,0.8816032425129475,0.6365777626195994,0.42597231803084495,9.612000023480505
10,gaussian s=10,3 + gradient-domain thresholds,0.48217783000391695,0.9289049012985063,0.6348279086013747,0.47254098549268697,16.779500001575798
10,gaussian s=10,4 + noise-scaled threshold floor,0.4888923411527109,0.9078736020415822,0.6355430599314273,0.4503181843871545,16.420100000686944
10,gaussian s=10,5 + morphological repair,0.5292651612415981,0.8956391203182467,0.6653507741735437,0.5512485120228678,36.29620000720024
10,gaussian s=10,6 Proposed (+ noise-adaptive filter),0.5293836377097729,0.8932222472416123,0.6647761653878184,0.5394828204436579,61.20090000331402
10,gaussian s=10,7 Proposed with Sobel + Otsu,0.7119901466544455,0.8756436238084515,0.7853821753245196,0.7099504728591743,48.10459999134764
10,gaussian s=25,1 Baseline (Gaussian + fixed Canny),0.6165145567943747,0.7988591158147564,0.695940984715054,0.40391657256403296,7.589199987705797
10,gaussian s=25,2 + intensity-Otsu thresholds,0.187859460442926,0.9738497335434962,0.31496158667417196,0.22668637630642122,10.962900007143617
10,gaussian s=25,3 + gradient-domain thresholds,0.14236416316697595,0.9845830518651956,0.24875937466720544,0.18339972173706026,17.96460000332445
10,gaussian s=25,4 + noise-scaled threshold floor,0.8649549849949983,0.6591458380244689,0.7481545444066567,0.27311579919419376,15.086800034623593
10,gaussian s=25,5 + morphological repair,0.8800634403532085,0.6505741950011259,0.7481151005739755,0.30794318076986654,35.25459999218583
10,gaussian s=25,6 Proposed (+ noise-adaptive filter),0.9068521117774658,0.6401561209937702,0.7505156312588505,0.31732351102117595,38.44299999764189
10,gaussian s=25,7 Proposed with Sobel + Otsu,0.8749447780486608,0.7927944156721459,0.8318462942768814,0.7920075264398401,49.835899961180985
10,salt & pepper 1%,1 Baseline (Gaussian + fixed Canny),0.5069969515854156,0.7256773999849884,0.5969398635707818,0.32919290693646136,5.571300047449768
10,salt & pepper 1%,2 + intensity-Otsu thresholds,0.31421705527050725,0.897350446596112,0.4654512677844111,0.3496956626462803,7.987699995283037
10,salt & pepper 1%,3 + gradient-domain thresholds,0.3160238111475921,0.9524281318021467,0.4745784335453094,0.35644602495347094,13.413899985607713
10,salt & pepper 1%,4 + noise-scaled threshold floor,0.3160238111475921,0.9524281318021467,0.4745784335453094,0.35644602495347094,14.901400019880384
10,salt & pepper 1%,5 + morphological repair,0.43029052776345195,0.9403737896870075,0.5904201767096263,0.46529608224047797,28.385599958710372
10,salt & pepper 1%,6 Proposed (+ noise-adaptive filter),0.520656857166084,0.8795916835547549,0.6541202197051186,0.500521520838787,37.19669999554753
10,salt & pepper 1%,7 Proposed with Sobel + Otsu,0.5913154658494212,0.8310140358778053,0.6909671087547066,0.5958402020252971,47.431600047275424
10,salt & pepper 5%,1 Baseline (Gaussian + fixed Canny),0.30835888951658463,0.8511596487277641,0.45270969876931805,0.34335312400492085,6.850100005976856
10,salt & pepper 5%,2 + intensity-Otsu thresholds,0.1754605030496457,0.9724386399459581,0.29728147109607966,0.21817612782564613,8.5249999538064
10,salt & pepper 5%,3 + gradient-domain thresholds,0.17629711704417123,0.9810853411393831,0.298885672569507,0.21969845151882506,15.985700010787696
10,salt & pepper 5%,4 + noise-scaled threshold floor,0.2951546489463652,0.8244989867147039,0.4346964118715696,0.32721770322644184,14.160899969283491
10,salt & pepper 5%,5 + morphological repair,0.32232738031583075,0.8147864595061173,0.46192030351251445,0.35259266538951045,27.00679999543354
10,salt & pepper 5%,6 Proposed (+ noise-adaptive filter),0.5259560670121117,0.6101628762290775,0.5649388535019171,0.2541148793985008,62.42210004711524
10,salt & pepper 5%,7 Proposed with Sobel + Otsu,0.5682394111258597,0.7905576822037079,0.6612113523082178,0.571656041131743,72.38969998434186
10,speckle s=0.15,1 Baseline (Gaussian + fixed Canny),0.636979088310516,0.7394730916460257,0.6844101126153409,0.32785858080042707,4.847400006838143
10,speckle s=0.15,2 + intensity-Otsu thresholds,0.49955222115205894,0.9242212714854012,0.6485537080076481,0.4712847260547855,6.296499981544912
10,speckle s=0.15,3 + gradient-domain thresholds,0.46416117236803095,0.9675448472566239,0.6273588913721548,0.5056605689443171,10.80970000475645
10,speckle s=0.15,4 + noise-scaled threshold floor,0.46416117236803095,0.9675448472566239,0.6273588913721548,0.5056605689443171,11.189799988642335
10,speckle s=0.15,5 + morphological repair,0.49847368958591026,0.9634166479021241,0.6570094059359529,0.5391806911637791,23.995600000489503
10,speckle s=0.15,6 Proposed (+ noise-adaptive filter),0.504232555405326,0.9777377467537341,0.6653401918292506,0.5485875361723498,34.69000000040978
10,speckle s=0.15,7 Proposed with Sobel + Otsu,0.690050909596372,0.9366358928169332,0.7946538311370862,0.6961359691957847,42.817699955776334
11,clean,1 Baseline (Gaussian + fixed Canny),0.5785615316790528,0.7113538522440497,0.6381224372538331,0.2939902203450584,6.54709996888414
11,clean,2 + intensity-Otsu thresholds,0.5498771156159035,0.9001311296946904,0.6827016479021187,0.4061050651166457,8.175999973900616
11,clean,3 + gradient-domain thresholds,0.5298778321775526,0.9436266020090059,0.6786634728162577,0.4452032690426139,13.388200022745878
11,clean,4 + noise-scaled threshold floor,0.5298778321775526,0.9436266020090059,0.6786634728162577,0.4452032690426139,13.224499998614192
11,clean,5 + morphological repair,0.568063221618068,0.9299569498738186,0.7052966988893377,0.5325810617107919,28.41859997715801
11,clean,6 Proposed (+ noise-adaptive filter),0.6304991353791143,0.980998564995794,0.7676321807894657,0.6493344473132318,38.56059996178374
11,clean,7 Proposed with Sobel + Otsu,0.7318988460778874,0.9139863427185907,0.8128702465034497,0.7330387759749925,49.29539997829124
11,gaussian s=10,1 Baseline (Gaussian + fixed Canny),0.6913486005089059,0.7431961007471919,0.7163354110964312,0.306755709615265,6.557999993674457
11,gaussian s=10,2 + intensity-Otsu thresholds,0.5550753473807816,0.9281631946162601,0.694696763993211,0.4395821066389474,7.457899977453053
11,gaussian s=10,3 + gradient-domain thresholds,0.5314549791293978,0.9480429511603741,0.6810988194137286,0.46276852151650993,14.740699960384518
11,gaussian s=10,4 + noise-scaled threshold floor,0.5422367638310529,0.9353629570983225,0.6865028135568798,0.4484434294489963,15.240799984894693
11,gaussian s=10,5 + morphological repair,0.5793811887977618,0.9283363847790589,0.7134766452864492,0.541975243254929,30.240499996580184
11,gaussian s=10,6 Proposed (+ noise-adaptive filter),0.5794005815253859,0.9237468454648918,0.7121316909230366,0.5316390345866948,40.247199998702854
11,gaussian s=10,7 Proposed with Sobel + Otsu,0.7781903026380775,0.9142337572368746,0.8407441859207282,0.7694849143357992,51.19109997758642
11,gaussian s=25,1 Baseline (Gaussian + fixed Canny),0.6675279413532027,0.8639467563956653,0.7531415316012545,0.4251440581044655,6.777799979317933
11,gaussian s=25,2 + intensity-Otsu thresholds,0.16673334042888968,0.9827057251719531,0.28509524883925086,0.20207273804364356,8.73559998581186
11,gaussian s=25,3 + gradient-domain thresholds,0.16673334042888968,0.9827057251719531,0.28509524883925086,0.20207273804364356,13.467000040691346
11,gaussian s=25,4 + noise-scaled threshold floor,0.8683870462466226,0.6863526151714583,0.7667132124599649,0.27280673647932613,13.057100004516542
11,gaussian s=25,5 + morphological repair,0.8810131129872463,0.6788188430897125,0.7668111936993324,0.3008743070671096,28.95210002316162
11,gaussian s=25,6 Proposed (+ noise-adaptive filter),0.9087807567716589,0.6730169726359543,0.7733288047408289,0.32199170218058687,42.6189000136219
11,gaussian s=25,7 Proposed with Sobel + Otsu,0.8913929612690166,0.8298530357761393,0.8595228761588454,0.7833504066629284,60.31010003061965
11,salt & pepper 1%,1 Baseline (Gaussian + fixed Canny),0.5788043478260869,0.7752981344945321,0.6627946362491597,0.3422939893851285,7.390999991912395
11,salt & pepper 1%,2 + intensity-Otsu thresholds,0.34745051915123354,0.9327403632045128,0.5063012522513196,0.37823482064672326,8.24070000089705
11,salt & pepper 1%,3 + gradient-domain thresholds,0.34234962005539377,0.9630239002424662,0.5051287791973027,0.3759163617128834,14.264500001445413
11,salt & pepper 1%,4 + noise-scaled threshold floor,0.34234962005539377,0.9630239002424662,0.5051287791973027,0.3759163617128834,13.400900003034621
11,salt & pepper 1%,5 + morphological repair,0.4643322185687922,0.9539932703251027,0.624637736793703,0.49230775083295175,34.89040001295507
11,salt & pepper 1%,6 Proposed (+ noise-adaptive filter),0.5833730080936511,0.9131946162600821,0.7119398837625169,0.5270812298787478,41.66889999760315
11,salt & pepper 1%,7 Proposed with Sobel + Otsu,0.6673568374839439,0.8562892770547775,0.7501092260911171,0.6702183485370086,53.64129994995892
11,salt & pepper 5%,1 Baseline (Gaussian + fixed Canny),0.3407168747482884,0.8881686377356623,0.4925016031592149,0.3720275181528425,7.363400014583021
11,salt & pepper 5%,2 + intensity-Otsu thresholds,0.184398588506298,0.9765451036666831,0.31021924653696603,0.2219637597645495,9.576899989042431
11,salt & pepper 5%,3 + gradient-domain thresholds,0.1850700852615042,0.9813696867732199,0.31141285809786107,0.22307878053271035,21.900399995502084
11,salt & pepper 5%,4 + noise-scaled threshold floor,0.32676880222841226,0.864181800188035,0.4742222745125964,0.3566968469057249,14.419400016777217
11,salt & pepper 5%,5 + morphological repair,0.3568531778721247,0.8538769855015093,0.5033470297609988,0.38548096912011326,31.227200001012534
11,salt & pepper 5%,6 Proposed (+ noise-adaptive filter),0.6005870196771391,0.6145652926913752,0.6074957579845945,0.25166590933311067,71.95589999901131
11,salt & pepper 5%,7 Proposed with Sobel + Otsu,0.6469578830117109,0.8057424909693701,0.7176723645793115,0.6468216905246311,87.10559998871759
11,speckle s=0.15,1 Baseline (Gaussian + fixed Canny),0.6700234894297566,0.7863823049136524,0.7235546823701012,0.3382933278426675,7.525900029577315
11,speckle s=0.15,2 + intensity-Otsu thresholds,0.5632819228059187,0.9437503092681478,0.7054892092409025,0.4669273011128784,8.912199991755188
11,speckle s=0.15,3 + gradient-domain thresholds,0.5284064793793612,0.9630981245979514,0.6824079361989149,0.4990647566984117,15.135399997234344
11,speckle s=0.15,4 + noise-scaled threshold floor,0.5284064793793612,0.9630981245979514,0.6824079361989149,0.4990647566984117,13.748199969995767
11,speckle s=0.15,5 + morphological repair,0.5730121211415531,0.9585580681874413,0.7172578778515888,0.6025325260221768,31.635800027288496
11,speckle s=0.15,6 Proposed (+ noise-adaptive filter),0.5765475144151366,0.973007076055223,0.7240594357346191,0.6095132946673941,43.860799982212484
11,speckle s=0.15,7 Proposed with Sobel + Otsu,0.7639252534644905,0.9551190063832946,0.8488897535479598,0.7628974377910068,54.65179996099323
12,clean,1 Baseline (Gaussian + fixed Canny),0.3147152990689097,0.8596489152807022,0.4607508678500791,0.3457604435126368,7.284899998921901
12,clean,2 + intensity-Otsu thresholds,0.3079985883247215,0.9680853580638293,0.46731866583752696,0.34271505159339855,7.323099998757243
12,clean,3 + gradient-domain thresholds,0.3083209039548023,0.9692327710615345,0.46782335640416656,0.34304714325029617,16.338100016582757
12,clean,4 + noise-scaled threshold floor,0.3083209039548023,0.9692327710615345,0.46782335640416656,0.34304714325029617,16.85459999134764
12,clean,5 + morphological repair,0.34015495183240735,0.9583264330833471,0.5020934230895243,0.3721622277095088,30.444799980614334
12,clean,6 Proposed (+ noise-adaptive filter),0.3920651670551081,0.9777969670444061,0.5597061509875909,0.4186208063330501,53.55129996314645
12,clean,7 Proposed with Sobel + Otsu,0.4345641060234462,0.9924294400151411,0.6044515248001929,0.45612189564973765,65.90579997282475
12,gaussian s=10,1 Baseline (Gaussian + fixed Canny),0.42223835011642324,0.8569164162861672,0.5657219646969165,0.3565360399767906,8.193699992261827
12,gaussian s=10,2 + intensity-Otsu thresholds,0.29725100408383676,0.975892498048215,0.45569886573968893,0.3355037242573599,10.240300034638494
12,gaussian s=10,3 + gradient-domain thresholds,0.30552301771135165,0.9717523480564954,0.4648844216420507,0.3410581934563558,17.673700000159442
12,gaussian s=10,4 + noise-scaled threshold floor,0.3073802041352328,0.9638032600723935,0.46610745210081983,0.3422130823388922,17.79090001946315
12,gaussian s=10,5 + morphological repair,0.33842430806461166,0.9575220610849559,0.5000959124441636,0.3706801482580748,35.95550003228709
12,gaussian s=10,6 Proposed (+ noise-adaptive filter),0.3363992272579625,0.9556885660886228,0.4976332054013094,0.36886342463991384,48.56999998446554
12,gaussian s=10,7 Proposed with Sobel + Otsu,0.46329825109849077,0.9892237810215524,0.63104811845559,0.48257877006828287,55.20770000293851
12,gaussian s=25,1 Baseline (Gaussian + fixed Canny),0.46594094164944366,0.9073907591852185,0.6157150592559791,0.4192939916344124,7.3933000094257295
12,gaussian s=25,2 + intensity-Otsu thresholds,0.11082495599081671,0.9923466370153067,0.19938289396153056,0.15360603441995319,9.410500002559274
12,gaussian s=25,3 + gradient-domain thresholds,0.12969658194460373,0.9843620620312759,0.22919510661624132,0.17011313216851173,20.46820003306493
12,gaussian s=25,4 + noise-scaled threshold floor,0.872578338317514,0.8349736213300527,0.8533619031885988,0.31926135314009185,16.459600010421127
12,gaussian s=25,5 + morphological repair,0.8858358553321547,0.8281601173436798,0.8560275958569753,0.35056950910078477,41.47930000908673
12,gaussian s=25,6 Proposed (+ noise-adaptive filter),0.9224384229045743,0.8134330123731339,0.8645131774427172,0.3604464307783032,59.74599998444319
12,gaussian s=25,7 Proposed with Sobel + Otsu,0.7911536334023068,0.945764035108472,0.8615775707536377,0.7886656255040633,65.28380000963807
12,salt & pepper 1%,1 Baseline (Gaussian + fixed Canny),0.3089175616805814,0.8714069412571861,0.45613372738547087,0.34501371477821485,8.533600019291043
12,salt & pepper 1%,2 + intensity-Otsu thresholds,0.24171108501219624,0.976271026047458,0.38748603420226024,0.27961209466640696,10.022100002970546
12,salt & pepper 1%,3 + gradient-domain thresholds,0.24173688038671723,0.976791502046417,0.3875601650270364,0.2797824488212205,18.71289999689907
12,salt & pepper 1%,4 + noise-scaled threshold floor,0.24173688038671723,0.976791502046417,0.3875601650270364,0.2797824488212205,18.53070000652224
12,salt & pepper 1%,5 + morphological repair,0.2882183678853434,0.9709598050580804,0.44449380764271706,0.3231704112142626,40.604199981316924
12,salt & pepper 1%,6 Proposed (+ noise-adaptive filter),0.327280007118071,0.9482836121034328,0.48661511294681725,0.3594552254095393,52.981599990744144
12,salt & pepper 1%,7 Proposed with Sobel + Otsu,0.3787551659593395,0.9651281080697438,0.5440163797083886,0.4032966655911119,68.26199998613447
12,salt & pepper 5%,1 Baseline (Gaussian + fixed Canny),0.234331455319765,0.9357212141285576,0.374801783895262,0.2744581298755941,10.235800000373274
12,salt & pepper 5%,2 + intensity-Otsu thresholds,0.1601157939548744,0.9871537060256926,0.2755392684952886,0.20130006234413386,17.797299951780587
12,salt & pepper 5%,3 + gradient-domain thresholds,0.15981895324757672,0.9884903830230193,0.27515146541107227,0.20111017725360344,32.97180001391098
12,salt & pepper 5%,4 + noise-scaled threshold floor,0.246780874117764,0.929889517140221,0.39004796853513407,0.2848922007032484,26.998199988156557
12,salt & pepper 5%,5 + morphological repair,0.25696814099855925,0.9222598121554804,0.4019433033509792,0.2948087276627909,48.39840001659468
12,salt & pepper 5%,6 Proposed (+ noise-adaptive filter),0.2991961251711721,0.7569258794861482,0.4288695608752505,0.31094379398329747,89.81320000020787
12,salt & pepper 5%,7 Proposed with Sobel + Otsu,0.3512160784504102,0.9238922141522156,0.5089541056988958,0.3775295358445298,104.46469997987151
12,speckle s=0.15,1 Baseline (Gaussian + fixed Canny),0.3730026909755752,0.8720575362558849,0.5225125670141656,0.3726779032459548,7.878499978687614
12,speckle s=0.15,2 + intensity-Otsu thresholds,0.3054624284742003,0.9796068040407864,0.46570731870457255,0.3472314204573242,10.812500026077032
12,speckle s=0.15,3 + gradient-domain thresholds,0.30872782460322223,0.9778087960443824,0.4692859536772799,0.34858625692690104,19.485700002405792
12,speckle s=0.15,4 + noise-scaled threshold floor,0.3089826653341145,0.9764839480470321,0.46942738112808635,0.34827978141928445,16.90340001368895
12,speckle s=0.15,5 + morphological repair,0.34902296503408625,0.9724147720551705,0.5136754876294504,0.3857671218637363,37.36930002924055
12,speckle s=0.15,6 Proposed (+ noise-adaptive filter),0.3637824044127578,0.9813574960372851,0.5308006838210442,0.4024949863580257,57.79900000197813
12,speckle s=0.15,7 Proposed with Sobel + Otsu,0.4598163807893967,0.9930208900139582,0.6285731800396339,0.48134792391398284,61.23870000010356
