file,class,width,height,channels,extension
01_missing_hole_01.jpg,Missing_hole,3034,1586,3,.jpg
01_missing_hole_02.jpg,Missing_hole,3034,1586,3,.jpg
01_missing_hole_03.jpg,Missing_hole,3034,1586,3,.jpg
01_missing_hole_04.jpg,Missing_hole,3034,1586,3,.jpg
01_missing_hole_05.jpg,Missing_hole,3034,1586,3,.jpg
01_missing_hole_06.jpg,Missing_hole,3034,1586,3,.jpg
01_missing_hole_07.jpg,Missing_hole,3034,1586,3,.jpg
01_missing_hole_08.jpg,Missing_hole,3034,1586,3,.jpg
01_missing_hole_09.jpg,Missing_hole,3034,1586,3,.jpg
01_missing_hole_10.jpg,Missing_hole,3034,1586,3,.jpg
01_missing_hole_11.jpg,Missing_hole,3034,1586,3,.jpg
01_missing_hole_12.jpg,Missing_hole,3034,1586,3,.jpg
01_missing_hole_13.jpg,Missing_hole,3034,1586,3,.jpg
01_missing_hole_14.jpg,Missing_hole,3034,1586,3,.jpg
01_missing_hole_15.jpg,Missing_hole,3034,1586,3,.jpg
01_missing_hole_16.jpg,Missing_hole,3034,1586,3,.jpg
01_missing_hole_17.jpg,Missing_hole,3034,1586,3,.jpg
01_missing_hole_18.jpg,Missing_hole,3034,1586,3,.jpg
01_missing_hole_19.jpg,Missing_hole,3034,1586,3,.jpg
01_missing_hole_20.jpg,Missing_hole,3034,1586,3,.jpg
04_missing_hole_01.jpg,Missing_hole,3056,2464,3,.jpg
04_missing_hole_02.jpg,Missing_hole,3056,2464,3,.jpg
04_missing_hole_03.jpg,Missing_hole,3056,2464,3,.jpg
04_missing_hole_04.jpg,Missing_hole,3056,2464,3,.jpg
04_missing_hole_05.jpg,Missing_hole,3056,2464,3,.jpg
04_missing_hole_06.jpg,Missing_hole,3056,2464,3,.jpg
04_missing_hole_07.jpg,Missing_hole,3056,2464,3,.jpg
04_missing_hole_08.jpg,Missing_hole,3056,2464,3,.jpg
04_missing_hole_09.jpg,Missing_hole,3056,2464,3,.jpg
04_missing_hole_10.jpg,Missing_hole,3056,2464,3,.jpg
04_missing_hole_11.jpg,Missing_hole,3056,2464,3,.jpg
04_missing_hole_12.jpg,Missing_hole,3056,2464,3,.jpg
04_missing_hole_13.jpg,Missing_hole,3056,2464,3,.jpg
04_missing_hole_14.jpg,Missing_hole,3056,2464,3,.jpg
04_missing_hole_15.jpg,Missing_hole,3056,2464,3,.jpg
04_missing_hole_16.jpg,Missing_hole,3056,2464,3,.jpg
04_missing_hole_17.jpg,Missing_hole,3056,2464,3,.jpg
04_missing_hole_18.jpg,Missing_hole,3056,2464,3,.jpg
04_missing_hole_19.jpg,Missing_hole,3056,2464,3,.jpg
04_missing_hole_20.jpg,Missing_hole,3056,2464,3,.jpg
05_missing_hole_01.jpg,Missing_hole,2544,2156,3,.jpg
05_missing_hole_02.jpg,Missing_hole,2544,2156,3,.jpg
05_missing_hole_03.jpg,Missing_hole,2544,2156,3,.jpg
05_missing_hole_04.jpg,Missing_hole,2544,2156,3,.jpg
05_missing_hole_05.jpg,Missing_hole,2544,2156,3,.jpg
05_missing_hole_06.jpg,Missing_hole,2544,2156,3,.jpg
05_missing_hole_07.jpg,Missing_hole,2544,2156,3,.jpg
05_missing_hole_08.jpg,Missing_hole,2544,2156,3,.jpg
05_missing_hole_09.jpg,Missing_hole,2544,2156,3,.jpg
05_missing_hole_10.jpg,Missing_hole,2544,2156,3,.jpg
06_missing_hole_01.jpg,Missing_hole,2868,2316,3,.jpg
06_missing_hole_02.jpg,Missing_hole,2868,2316,3,.jpg
06_missing_hole_03.jpg,Missing_hole,2868,2316,3,.jpg
06_missing_hole_04.jpg,Missing_hole,2868,2316,3,.jpg
06_missing_hole_05.jpg,Missing_hole,2868,2316,3,.jpg
06_missing_hole_06.jpg,Missing_hole,2868,2316,3,.jpg
06_missing_hole_07.jpg,Missing_hole,2868,2316,3,.jpg
06_missing_hole_08.jpg,Missing_hole,2868,2316,3,.jpg
06_missing_hole_09.jpg,Missing_hole,2868,2316,3,.jpg
06_missing_hole_10.jpg,Missing_hole,2868,2316,3,.jpg
07_missing_hole_01.jpg,Missing_hole,2904,1921,3,.jpg
07_missing_hole_02.jpg,Missing_hole,2904,1921,3,.jpg
07_missing_hole_03.jpg,Missing_hole,2904,1921,3,.jpg
07_missing_hole_04.jpg,Missing_hole,2904,1921,3,.jpg
07_missing_hole_05.jpg,Missing_hole,2904,1921,3,.jpg
07_missing_hole_06.jpg,Missing_hole,2904,1921,3,.jpg
07_missing_hole_07.jpg,Missing_hole,2904,1921,3,.jpg
07_missing_hole_08.jpg,Missing_hole,2904,1921,3,.jpg
07_missing_hole_09.jpg,Missing_hole,2904,1921,3,.jpg
07_missing_hole_10.jpg,Missing_hole,2904,1921,3,.jpg
08_missing_hole_01.jpg,Missing_hole,2759,2154,3,.jpg
08_missing_hole_02.jpg,Missing_hole,2759,2154,3,.jpg
08_missing_hole_03.jpg,Missing_hole,2759,2154,3,.jpg
08_missing_hole_04.jpg,Missing_hole,2759,2154,3,.jpg
08_missing_hole_05.jpg,Missing_hole,2759,2154,3,.jpg
08_missing_hole_06.jpg,Missing_hole,2759,2154,3,.jpg
08_missing_hole_07.jpg,Missing_hole,2759,2154,3,.jpg
08_missing_hole_08.jpg,Missing_hole,2759,2154,3,.jpg
08_missing_hole_09.jpg,Missing_hole,2759,2154,3,.jpg
08_missing_hole_10.jpg,Missing_hole,2759,2154,3,.jpg
09_missing_hole_01.jpg,Missing_hole,2775,2159,3,.jpg
09_missing_hole_02.jpg,Missing_hole,2775,2159,3,.jpg
09_missing_hole_03.jpg,Missing_hole,2775,2159,3,.jpg
09_missing_hole_04.jpg,Missing_hole,2775,2159,3,.jpg
09_missing_hole_05.jpg,Missing_hole,2775,2159,3,.jpg
09_missing_hole_06.jpg,Missing_hole,2775,2159,3,.jpg
09_missing_hole_07.jpg,Missing_hole,2775,2159,3,.jpg
09_missing_hole_08.jpg,Missing_hole,2775,2159,3,.jpg
09_missing_hole_09.jpg,Missing_hole,2775,2159,3,.jpg
09_missing_hole_10.jpg,Missing_hole,2775,2159,3,.jpg
10_missing_hole_01.jpg,Missing_hole,2240,2016,3,.jpg
10_missing_hole_02.jpg,Missing_hole,2240,2016,3,.jpg
10_missing_hole_03.jpg,Missing_hole,2240,2016,3,.jpg
10_missing_hole_04.jpg,Missing_hole,2240,2016,3,.jpg
10_missing_hole_05.jpg,Missing_hole,2240,2016,3,.jpg
11_missing_hole_01.jpg,Missing_hole,2282,2248,3,.jpg
11_missing_hole_02.jpg,Missing_hole,2282,2248,3,.jpg
11_missing_hole_03.jpg,Missing_hole,2282,2248,3,.jpg
11_missing_hole_04.jpg,Missing_hole,2282,2248,3,.jpg
11_missing_hole_05.jpg,Missing_hole,2282,2248,3,.jpg
11_missing_hole_06.jpg,Missing_hole,2282,2248,3,.jpg
11_missing_hole_07.jpg,Missing_hole,2282,2248,3,.jpg
11_missing_hole_08.jpg,Missing_hole,2282,2248,3,.jpg
11_missing_hole_09.jpg,Missing_hole,2282,2248,3,.jpg
11_missing_hole_10.jpg,Missing_hole,2282,2248,3,.jpg
12_missing_hole_01.jpg,Missing_hole,2529,2530,3,.jpg
12_missing_hole_02.jpg,Missing_hole,2529,2530,3,.jpg
12_missing_hole_03.jpg,Missing_hole,2529,2530,3,.jpg
12_missing_hole_04.jpg,Missing_hole,2529,2530,3,.jpg
12_missing_hole_05.jpg,Missing_hole,2529,2530,3,.jpg
12_missing_hole_06.jpg,Missing_hole,2529,2530,3,.jpg
12_missing_hole_07.jpg,Missing_hole,2529,2530,3,.jpg
12_missing_hole_08.jpg,Missing_hole,2529,2530,3,.jpg
12_missing_hole_09.jpg,Missing_hole,2529,2530,3,.jpg
12_missing_hole_10.jpg,Missing_hole,2529,2530,3,.jpg
01_mouse_bite_01.jpg,Mouse_bite,3034,1586,3,.jpg
01_mouse_bite_02.jpg,Mouse_bite,3034,1586,3,.jpg
01_mouse_bite_03.jpg,Mouse_bite,3034,1586,3,.jpg
01_mouse_bite_04.jpg,Mouse_bite,3034,1586,3,.jpg
01_mouse_bite_05.jpg,Mouse_bite,3034,1586,3,.jpg
01_mouse_bite_06.jpg,Mouse_bite,3034,1586,3,.jpg
01_mouse_bite_07.jpg,Mouse_bite,3034,1586,3,.jpg
01_mouse_bite_08.jpg,Mouse_bite,3034,1586,3,.jpg
01_mouse_bite_09.jpg,Mouse_bite,3034,1586,3,.jpg
01_mouse_bite_10.jpg,Mouse_bite,3034,1586,3,.jpg
01_mouse_bite_11.jpg,Mouse_bite,3034,1586,3,.jpg
01_mouse_bite_12.jpg,Mouse_bite,3034,1586,3,.jpg
01_mouse_bite_13.jpg,Mouse_bite,3034,1586,3,.jpg
01_mouse_bite_14.jpg,Mouse_bite,3034,1586,3,.jpg
01_mouse_bite_15.jpg,Mouse_bite,3034,1586,3,.jpg
01_mouse_bite_16.jpg,Mouse_bite,3034,1586,3,.jpg
01_mouse_bite_17.jpg,Mouse_bite,3034,1586,3,.jpg
01_mouse_bite_18.jpg,Mouse_bite,3034,1586,3,.jpg
01_mouse_bite_19.jpg,Mouse_bite,3034,1586,3,.jpg
01_mouse_bite_20.jpg,Mouse_bite,3034,1586,3,.jpg
04_mouse_bite_01.jpg,Mouse_bite,3056,2464,3,.jpg
04_mouse_bite_02.jpg,Mouse_bite,3056,2464,3,.jpg
04_mouse_bite_03.jpg,Mouse_bite,3056,2464,3,.jpg
04_mouse_bite_04.jpg,Mouse_bite,3056,2464,3,.jpg
04_mouse_bite_05.jpg,Mouse_bite,3056,2464,3,.jpg
04_mouse_bite_06.jpg,Mouse_bite,3056,2464,3,.jpg
04_mouse_bite_07.jpg,Mouse_bite,3056,2464,3,.jpg
04_mouse_bite_08.jpg,Mouse_bite,3056,2464,3,.jpg
04_mouse_bite_09.jpg,Mouse_bite,3056,2464,3,.jpg
04_mouse_bite_10.jpg,Mouse_bite,3056,2464,3,.jpg
04_mouse_bite_11.jpg,Mouse_bite,3056,2464,3,.jpg
04_mouse_bite_12.jpg,Mouse_bite,3056,2464,3,.jpg
04_mouse_bite_13.jpg,Mouse_bite,3056,2464,3,.jpg
04_mouse_bite_14.jpg,Mouse_bite,3056,2464,3,.jpg
04_mouse_bite_15.jpg,Mouse_bite,3056,2464,3,.jpg
04_mouse_bite_16.jpg,Mouse_bite,3056,2464,3,.jpg
04_mouse_bite_17.jpg,Mouse_bite,3056,2464,3,.jpg
04_mouse_bite_18.jpg,Mouse_bite,3056,2464,3,.jpg
04_mouse_bite_19.jpg,Mouse_bite,3056,2464,3,.jpg
04_mouse_bite_20.jpg,Mouse_bite,3056,2464,3,.jpg
05_mouse_bite_01.jpg,Mouse_bite,2544,2156,3,.jpg
05_mouse_bite_02.jpg,Mouse_bite,2544,2156,3,.jpg
05_mouse_bite_03.jpg,Mouse_bite,2544,2156,3,.jpg
05_mouse_bite_04.jpg,Mouse_bite,2544,2156,3,.jpg
05_mouse_bite_05.jpg,Mouse_bite,2544,2156,3,.jpg
05_mouse_bite_06.jpg,Mouse_bite,2544,2156,3,.jpg
05_mouse_bite_07.jpg,Mouse_bite,2544,2156,3,.jpg
05_mouse_bite_08.jpg,Mouse_bite,2544,2156,3,.jpg
05_mouse_bite_09.jpg,Mouse_bite,2544,2156,3,.jpg
05_mouse_bite_10.jpg,Mouse_bite,2544,2156,3,.jpg
06_mouse_bite_01.jpg,Mouse_bite,2868,2316,3,.jpg
06_mouse_bite_02.jpg,Mouse_bite,2868,2316,3,.jpg
06_mouse_bite_03.jpg,Mouse_bite,2868,2316,3,.jpg
06_mouse_bite_04.jpg,Mouse_bite,2868,2316,3,.jpg
06_mouse_bite_05.jpg,Mouse_bite,2868,2316,3,.jpg
06_mouse_bite_06.jpg,Mouse_bite,2868,2316,3,.jpg
06_mouse_bite_07.jpg,Mouse_bite,2868,2316,3,.jpg
06_mouse_bite_08.jpg,Mouse_bite,2868,2316,3,.jpg
06_mouse_bite_09.jpg,Mouse_bite,2868,2316,3,.jpg
06_mouse_bite_10.jpg,Mouse_bite,2868,2316,3,.jpg
07_mouse_bite_01.jpg,Mouse_bite,2904,1921,3,.jpg
07_mouse_bite_02.jpg,Mouse_bite,2904,1921,3,.jpg
07_mouse_bite_03.jpg,Mouse_bite,2904,1921,3,.jpg
07_mouse_bite_04.jpg,Mouse_bite,2904,1921,3,.jpg
07_mouse_bite_05.jpg,Mouse_bite,2904,1921,3,.jpg
07_mouse_bite_06.jpg,Mouse_bite,2904,1921,3,.jpg
07_mouse_bite_07.jpg,Mouse_bite,2904,1921,3,.jpg
07_mouse_bite_08.jpg,Mouse_bite,2904,1921,3,.jpg
07_mouse_bite_09.jpg,Mouse_bite,2904,1921,3,.jpg
07_mouse_bite_10.jpg,Mouse_bite,2904,1921,3,.jpg
08_mouse_bite_01.jpg,Mouse_bite,2759,2154,3,.jpg
08_mouse_bite_02.jpg,Mouse_bite,2759,2154,3,.jpg
08_mouse_bite_03.jpg,Mouse_bite,2759,2154,3,.jpg
08_mouse_bite_04.jpg,Mouse_bite,2759,2154,3,.jpg
08_mouse_bite_05.jpg,Mouse_bite,2759,2154,3,.jpg
08_mouse_bite_06.jpg,Mouse_bite,2759,2154,3,.jpg
08_mouse_bite_07.jpg,Mouse_bite,2759,2154,3,.jpg
08_mouse_bite_08.jpg,Mouse_bite,2759,2154,3,.jpg
08_mouse_bite_09.jpg,Mouse_bite,2759,2154,3,.jpg
08_mouse_bite_10.jpg,Mouse_bite,2759,2154,3,.jpg
09_mouse_bite_01.jpg,Mouse_bite,2775,2159,3,.jpg
09_mouse_bite_02.jpg,Mouse_bite,2775,2159,3,.jpg
09_mouse_bite_03.jpg,Mouse_bite,2775,2159,3,.jpg
09_mouse_bite_04.jpg,Mouse_bite,2775,2159,3,.jpg
09_mouse_bite_05.jpg,Mouse_bite,2775,2159,3,.jpg
09_mouse_bite_06.jpg,Mouse_bite,2775,2159,3,.jpg
09_mouse_bite_07.jpg,Mouse_bite,2775,2159,3,.jpg
09_mouse_bite_08.jpg,Mouse_bite,2775,2159,3,.jpg
09_mouse_bite_09.jpg,Mouse_bite,2775,2159,3,.jpg
09_mouse_bite_10.jpg,Mouse_bite,2775,2159,3,.jpg
10_mouse_bite_01.jpg,Mouse_bite,2240,2016,3,.jpg
10_mouse_bite_02.jpg,Mouse_bite,2240,2016,3,.jpg
10_mouse_bite_03.jpg,Mouse_bite,2240,2016,3,.jpg
10_mouse_bite_04.jpg,Mouse_bite,2240,2016,3,.jpg
10_mouse_bite_05.jpg,Mouse_bite,2240,2016,3,.jpg
11_mouse_bite_01.jpg,Mouse_bite,2282,2248,3,.jpg
11_mouse_bite_02.jpg,Mouse_bite,2282,2248,3,.jpg
11_mouse_bite_03.jpg,Mouse_bite,2282,2248,3,.jpg
11_mouse_bite_04.jpg,Mouse_bite,2282,2248,3,.jpg
11_mouse_bite_05.jpg,Mouse_bite,2282,2248,3,.jpg
11_mouse_bite_06.jpg,Mouse_bite,2282,2248,3,.jpg
11_mouse_bite_07.jpg,Mouse_bite,2282,2248,3,.jpg
11_mouse_bite_08.jpg,Mouse_bite,2282,2248,3,.jpg
11_mouse_bite_09.jpg,Mouse_bite,2282,2248,3,.jpg
11_mouse_bite_10.jpg,Mouse_bite,2282,2248,3,.jpg
12_mouse_bite_01.jpg,Mouse_bite,2529,2530,3,.jpg
12_mouse_bite_02.jpg,Mouse_bite,2529,2530,3,.jpg
12_mouse_bite_03.jpg,Mouse_bite,2529,2530,3,.jpg
12_mouse_bite_04.jpg,Mouse_bite,2529,2530,3,.jpg
12_mouse_bite_05.jpg,Mouse_bite,2529,2530,3,.jpg
12_mouse_bite_06.jpg,Mouse_bite,2529,2530,3,.jpg
12_mouse_bite_07.jpg,Mouse_bite,2529,2530,3,.jpg
12_mouse_bite_08.jpg,Mouse_bite,2529,2530,3,.jpg
12_mouse_bite_09.jpg,Mouse_bite,2529,2530,3,.jpg
12_mouse_bite_10.jpg,Mouse_bite,2529,2530,3,.jpg
01_open_circuit_01.jpg,Open_circuit,3034,1586,3,.jpg
01_open_circuit_02.jpg,Open_circuit,3034,1586,3,.jpg
01_open_circuit_03.jpg,Open_circuit,3034,1586,3,.jpg
01_open_circuit_04.jpg,Open_circuit,3034,1586,3,.jpg
01_open_circuit_05.jpg,Open_circuit,3034,1586,3,.jpg
01_open_circuit_06.jpg,Open_circuit,3034,1586,3,.jpg
01_open_circuit_07.jpg,Open_circuit,3034,1586,3,.jpg
01_open_circuit_08.jpg,Open_circuit,3034,1586,3,.jpg
01_open_circuit_09.jpg,Open_circuit,3034,1586,3,.jpg
01_open_circuit_10.jpg,Open_circuit,3034,1586,3,.jpg
01_open_circuit_11.jpg,Open_circuit,3034,1586,3,.jpg
01_open_circuit_12.jpg,Open_circuit,3034,1586,3,.jpg
01_open_circuit_13.jpg,Open_circuit,3034,1586,3,.jpg
01_open_circuit_14.jpg,Open_circuit,3034,1586,3,.jpg
01_open_circuit_15.jpg,Open_circuit,3034,1586,3,.jpg
01_open_circuit_16.jpg,Open_circuit,3034,1586,3,.jpg
01_open_circuit_17.jpg,Open_circuit,3034,1586,3,.jpg
01_open_circuit_18.jpg,Open_circuit,3034,1586,3,.jpg
01_open_circuit_19.jpg,Open_circuit,3034,1586,3,.jpg
01_open_circuit_20.jpg,Open_circuit,3034,1586,3,.jpg
04_open_circuit_01.jpg,Open_circuit,3056,2464,3,.jpg
04_open_circuit_02.jpg,Open_circuit,3056,2464,3,.jpg
04_open_circuit_03.jpg,Open_circuit,3056,2464,3,.jpg
04_open_circuit_04.jpg,Open_circuit,3056,2464,3,.jpg
04_open_circuit_05.jpg,Open_circuit,3056,2464,3,.jpg
04_open_circuit_06.jpg,Open_circuit,3056,2464,3,.jpg
04_open_circuit_07.jpg,Open_circuit,3056,2464,3,.jpg
04_open_circuit_08.jpg,Open_circuit,3056,2464,3,.jpg
04_open_circuit_09.jpg,Open_circuit,3056,2464,3,.jpg
04_open_circuit_10.jpg,Open_circuit,3056,2464,3,.jpg
04_open_circuit_11.jpg,Open_circuit,3056,2464,3,.jpg
04_open_circuit_12.jpg,Open_circuit,3056,2464,3,.jpg
04_open_circuit_13.jpg,Open_circuit,3056,2464,3,.jpg
04_open_circuit_14.jpg,Open_circuit,3056,2464,3,.jpg
04_open_circuit_15.jpg,Open_circuit,3056,2464,3,.jpg
04_open_circuit_16.jpg,Open_circuit,3056,2464,3,.jpg
04_open_circuit_17.jpg,Open_circuit,3056,2464,3,.jpg
04_open_circuit_18.jpg,Open_circuit,3056,2464,3,.jpg
04_open_circuit_19.jpg,Open_circuit,3056,2464,3,.jpg
04_open_circuit_20.jpg,Open_circuit,3056,2464,3,.jpg
05_open_circuit_01.jpg,Open_circuit,2544,2156,3,.jpg
05_open_circuit_02.jpg,Open_circuit,2544,2156,3,.jpg
05_open_circuit_03.jpg,Open_circuit,2544,2156,3,.jpg
05_open_circuit_04.jpg,Open_circuit,2544,2156,3,.jpg
05_open_circuit_05.jpg,Open_circuit,2544,2156,3,.jpg
05_open_circuit_06.jpg,Open_circuit,2544,2156,3,.jpg
05_open_circuit_07.jpg,Open_circuit,2544,2156,3,.jpg
05_open_circuit_08.jpg,Open_circuit,2544,2156,3,.jpg
05_open_circuit_09.jpg,Open_circuit,2544,2156,3,.jpg
05_open_circuit_10.jpg,Open_circuit,2544,2156,3,.jpg
06_open_circuit_01.jpg,Open_circuit,2868,2316,3,.jpg
06_open_circuit_02.jpg,Open_circuit,2868,2316,3,.jpg
06_open_circuit_03.jpg,Open_circuit,2868,2316,3,.jpg
06_open_circuit_04.jpg,Open_circuit,2868,2316,3,.jpg
06_open_circuit_05.jpg,Open_circuit,2868,2316,3,.jpg
06_open_circuit_06.jpg,Open_circuit,2868,2316,3,.jpg
06_open_circuit_07.jpg,Open_circuit,2868,2316,3,.jpg
06_open_circuit_08.jpg,Open_circuit,2868,2316,3,.jpg
06_open_circuit_09.jpg,Open_circuit,2868,2316,3,.jpg
06_open_circuit_10.jpg,Open_circuit,2868,2316,3,.jpg
07_open_circuit_01.jpg,Open_circuit,2904,1921,3,.jpg
07_open_circuit_02.jpg,Open_circuit,2904,1921,3,.jpg
07_open_circuit_03.jpg,Open_circuit,2904,1921,3,.jpg
07_open_circuit_04.jpg,Open_circuit,2904,1921,3,.jpg
07_open_circuit_05.jpg,Open_circuit,2904,1921,3,.jpg
07_open_circuit_06.jpg,Open_circuit,2904,1921,3,.jpg
07_open_circuit_07.jpg,Open_circuit,2904,1921,3,.jpg
07_open_circuit_08.jpg,Open_circuit,2904,1921,3,.jpg
07_open_circuit_09.jpg,Open_circuit,2904,1921,3,.jpg
07_open_circuit_10.jpg,Open_circuit,2904,1921,3,.jpg
08_open_circuit_01.jpg,Open_circuit,2759,2154,3,.jpg
08_open_circuit_02.jpg,Open_circuit,2759,2154,3,.jpg
08_open_circuit_03.jpg,Open_circuit,2759,2154,3,.jpg
08_open_circuit_04.jpg,Open_circuit,2759,2154,3,.jpg
08_open_circuit_05.jpg,Open_circuit,2759,2154,3,.jpg
08_open_circuit_06.jpg,Open_circuit,2759,2154,3,.jpg
08_open_circuit_07.jpg,Open_circuit,2759,2154,3,.jpg
08_open_circuit_08.jpg,Open_circuit,2759,2154,3,.jpg
08_open_circuit_09.jpg,Open_circuit,2759,2154,3,.jpg
08_open_circuit_10.jpg,Open_circuit,2759,2154,3,.jpg
09_open_circuit_01.jpg,Open_circuit,2775,2159,3,.jpg
09_open_circuit_02.jpg,Open_circuit,2775,2159,3,.jpg
09_open_circuit_03.jpg,Open_circuit,2775,2159,3,.jpg
09_open_circuit_04.jpg,Open_circuit,2775,2159,3,.jpg
09_open_circuit_05.jpg,Open_circuit,2775,2159,3,.jpg
09_open_circuit_06.jpg,Open_circuit,2775,2159,3,.jpg
09_open_circuit_07.jpg,Open_circuit,2775,2159,3,.jpg
09_open_circuit_08.jpg,Open_circuit,2775,2159,3,.jpg
09_open_circuit_09.jpg,Open_circuit,2775,2159,3,.jpg
09_open_circuit_10.jpg,Open_circuit,2775,2159,3,.jpg
10_open_circuit_01.jpg,Open_circuit,2240,2016,3,.jpg
10_open_circuit_02.jpg,Open_circuit,2240,2016,3,.jpg
10_open_circuit_03.jpg,Open_circuit,2240,2016,3,.jpg
10_open_circuit_04.jpg,Open_circuit,2240,2016,3,.jpg
10_open_circuit_05.jpg,Open_circuit,2240,2016,3,.jpg
10_open_circuit_06.jpg,Open_circuit,2240,2016,3,.jpg
11_open_circuit_01.jpg,Open_circuit,2282,2248,3,.jpg
11_open_circuit_02.jpg,Open_circuit,2282,2248,3,.jpg
11_open_circuit_03.jpg,Open_circuit,2282,2248,3,.jpg
11_open_circuit_04.jpg,Open_circuit,2282,2248,3,.jpg
11_open_circuit_05.jpg,Open_circuit,2282,2248,3,.jpg
11_open_circuit_06.jpg,Open_circuit,2282,2248,3,.jpg
11_open_circuit_07.jpg,Open_circuit,2282,2248,3,.jpg
11_open_circuit_08.jpg,Open_circuit,2282,2248,3,.jpg
11_open_circuit_09.jpg,Open_circuit,2282,2248,3,.jpg
11_open_circuit_10.jpg,Open_circuit,2282,2248,3,.jpg
12_open_circuit_01.jpg,Open_circuit,2529,2530,3,.jpg
12_open_circuit_02.jpg,Open_circuit,2529,2530,3,.jpg
12_open_circuit_03.jpg,Open_circuit,2529,2530,3,.jpg
12_open_circuit_04.jpg,Open_circuit,2529,2530,3,.jpg
12_open_circuit_05.jpg,Open_circuit,2529,2530,3,.jpg
12_open_circuit_06.jpg,Open_circuit,2529,2530,3,.jpg
12_open_circuit_07.jpg,Open_circuit,2529,2530,3,.jpg
12_open_circuit_08.jpg,Open_circuit,2529,2530,3,.jpg
12_open_circuit_09.jpg,Open_circuit,2529,2530,3,.jpg
12_open_circuit_10.jpg,Open_circuit,2529,2530,3,.jpg
01_short_01.jpg,Short,3034,1586,3,.jpg
01_short_02.jpg,Short,3034,1586,3,.jpg
01_short_03.jpg,Short,3034,1586,3,.jpg
01_short_04.jpg,Short,3034,1586,3,.jpg
01_short_05.jpg,Short,3034,1586,3,.jpg
01_short_06.jpg,Short,3034,1586,3,.jpg
01_short_07.jpg,Short,3034,1586,3,.jpg
01_short_08.jpg,Short,3034,1586,3,.jpg
01_short_09.jpg,Short,3034,1586,3,.jpg
01_short_10.jpg,Short,3034,1586,3,.jpg
01_short_11.jpg,Short,3034,1586,3,.jpg
01_short_12.jpg,Short,3034,1586,3,.jpg
01_short_13.jpg,Short,3034,1586,3,.jpg
01_short_14.jpg,Short,3034,1586,3,.jpg
01_short_15.jpg,Short,3034,1586,3,.jpg
01_short_16.jpg,Short,3034,1586,3,.jpg
01_short_17.jpg,Short,3034,1586,3,.jpg
01_short_18.jpg,Short,3034,1586,3,.jpg
01_short_19.jpg,Short,3034,1586,3,.jpg
01_short_20.jpg,Short,3034,1586,3,.jpg
04_short_01.jpg,Short,3056,2464,3,.jpg
04_short_02.jpg,Short,3056,2464,3,.jpg
04_short_03.jpg,Short,3056,2464,3,.jpg
04_short_04.jpg,Short,3056,2464,3,.jpg
04_short_05.jpg,Short,3056,2464,3,.jpg
04_short_06.jpg,Short,3056,2464,3,.jpg
04_short_07.jpg,Short,3056,2464,3,.jpg
04_short_08.jpg,Short,3056,2464,3,.jpg
04_short_09.jpg,Short,3056,2464,3,.jpg
04_short_10.jpg,Short,3056,2464,3,.jpg
04_short_11.jpg,Short,3056,2464,3,.jpg
04_short_12.jpg,Short,3056,2464,3,.jpg
04_short_13.jpg,Short,3056,2464,3,.jpg
04_short_14.jpg,Short,3056,2464,3,.jpg
04_short_15.jpg,Short,3056,2464,3,.jpg
04_short_16.jpg,Short,3056,2464,3,.jpg
04_short_17.jpg,Short,3056,2464,3,.jpg
04_short_18.jpg,Short,3056,2464,3,.jpg
04_short_19.jpg,Short,3056,2464,3,.jpg
04_short_20.jpg,Short,3056,2464,3,.jpg
05_short_01.jpg,Short,2544,2156,3,.jpg
05_short_02.jpg,Short,2544,2156,3,.jpg
05_short_03.jpg,Short,2544,2156,3,.jpg
05_short_04.jpg,Short,2544,2156,3,.jpg
05_short_05.jpg,Short,2544,2156,3,.jpg
05_short_06.jpg,Short,2544,2156,3,.jpg
05_short_07.jpg,Short,2544,2156,3,.jpg
05_short_08.jpg,Short,2544,2156,3,.jpg
05_short_09.jpg,Short,2544,2156,3,.jpg
05_short_10.jpg,Short,2544,2156,3,.jpg
06_short_01.jpg,Short,2868,2316,3,.jpg
06_short_02.jpg,Short,2868,2316,3,.jpg
06_short_03.jpg,Short,2868,2316,3,.jpg
06_short_04.jpg,Short,2868,2316,3,.jpg
06_short_05.jpg,Short,2868,2316,3,.jpg
06_short_06.jpg,Short,2868,2316,3,.jpg
06_short_07.jpg,Short,2868,2316,3,.jpg
06_short_08.jpg,Short,2868,2316,3,.jpg
06_short_09.jpg,Short,2868,2316,3,.jpg
06_short_10.jpg,Short,2868,2316,3,.jpg
06_short_11.jpg,Short,2868,2316,3,.jpg
07_short_01.jpg,Short,2904,1921,3,.jpg
07_short_02.jpg,Short,2904,1921,3,.jpg
07_short_03.jpg,Short,2904,1921,3,.jpg
07_short_04.jpg,Short,2904,1921,3,.jpg
07_short_05.jpg,Short,2904,1921,3,.jpg
07_short_06.jpg,Short,2904,1921,3,.jpg
07_short_07.jpg,Short,2904,1921,3,.jpg
07_short_08.jpg,Short,2904,1921,3,.jpg
07_short_09.jpg,Short,2904,1921,3,.jpg
07_short_10.jpg,Short,2904,1921,3,.jpg
08_short_01.jpg,Short,2759,2154,3,.jpg
08_short_02.jpg,Short,2759,2154,3,.jpg
08_short_03.jpg,Short,2759,2154,3,.jpg
08_short_04.jpg,Short,2759,2154,3,.jpg
08_short_05.jpg,Short,2759,2154,3,.jpg
08_short_06.jpg,Short,2759,2154,3,.jpg
08_short_07.jpg,Short,2759,2154,3,.jpg
08_short_08.jpg,Short,2759,2154,3,.jpg
08_short_09.jpg,Short,2759,2154,3,.jpg
08_short_10.jpg,Short,2759,2154,3,.jpg
09_short_01.jpg,Short,2775,2159,3,.jpg
09_short_02.jpg,Short,2775,2159,3,.jpg
09_short_03.jpg,Short,2775,2159,3,.jpg
09_short_04.jpg,Short,2775,2159,3,.jpg
09_short_05.jpg,Short,2775,2159,3,.jpg
09_short_06.jpg,Short,2775,2159,3,.jpg
09_short_07.jpg,Short,2775,2159,3,.jpg
09_short_08.jpg,Short,2775,2159,3,.jpg
09_short_09.jpg,Short,2775,2159,3,.jpg
09_short_10.jpg,Short,2775,2159,3,.jpg
10_short_01.jpg,Short,2240,2016,3,.jpg
10_short_02.jpg,Short,2240,2016,3,.jpg
10_short_03.jpg,Short,2240,2016,3,.jpg
10_short_04.jpg,Short,2240,2016,3,.jpg
10_short_05.jpg,Short,2240,2016,3,.jpg
11_short_01.jpg,Short,2282,2248,3,.jpg
11_short_02.jpg,Short,2282,2248,3,.jpg
11_short_03.jpg,Short,2282,2248,3,.jpg
11_short_04.jpg,Short,2282,2248,3,.jpg
11_short_05.jpg,Short,2282,2248,3,.jpg
11_short_06.jpg,Short,2282,2248,3,.jpg
11_short_07.jpg,Short,2282,2248,3,.jpg
11_short_08.jpg,Short,2282,2248,3,.jpg
11_short_09.jpg,Short,2282,2248,3,.jpg
11_short_10.jpg,Short,2282,2248,3,.jpg
12_short_01.jpg,Short,2529,2530,3,.jpg
12_short_02.jpg,Short,2529,2530,3,.jpg
12_short_03.jpg,Short,2529,2530,3,.jpg
12_short_04.jpg,Short,2529,2530,3,.jpg
12_short_05.jpg,Short,2529,2530,3,.jpg
12_short_06.jpg,Short,2529,2530,3,.jpg
12_short_07.jpg,Short,2529,2530,3,.jpg
12_short_08.jpg,Short,2529,2530,3,.jpg
12_short_09.jpg,Short,2529,2530,3,.jpg
12_short_10.jpg,Short,2529,2530,3,.jpg
01_spur_01.jpg,Spur,3034,1586,3,.jpg
01_spur_02.jpg,Spur,3034,1586,3,.jpg
01_spur_03.jpg,Spur,3034,1586,3,.jpg
01_spur_04.jpg,Spur,3034,1586,3,.jpg
01_spur_05.jpg,Spur,3034,1586,3,.jpg
01_spur_06.jpg,Spur,3034,1586,3,.jpg
01_spur_07.jpg,Spur,3034,1586,3,.jpg
01_spur_08.jpg,Spur,3034,1586,3,.jpg
01_spur_09.jpg,Spur,3034,1586,3,.jpg
01_spur_10.jpg,Spur,3034,1586,3,.jpg
01_spur_11.jpg,Spur,3034,1586,3,.jpg
01_spur_12.jpg,Spur,3034,1586,3,.jpg
01_spur_13.jpg,Spur,3034,1586,3,.jpg
01_spur_14.jpg,Spur,3034,1586,3,.jpg
01_spur_15.jpg,Spur,3034,1586,3,.jpg
01_spur_16.jpg,Spur,3034,1586,3,.jpg
01_spur_17.jpg,Spur,3034,1586,3,.jpg
01_spur_18.jpg,Spur,3034,1586,3,.jpg
01_spur_19.jpg,Spur,3034,1586,3,.jpg
01_spur_20.jpg,Spur,3034,1586,3,.jpg
04_spur_01.jpg,Spur,3056,2464,3,.jpg
04_spur_02.jpg,Spur,3056,2464,3,.jpg
04_spur_03.jpg,Spur,3056,2464,3,.jpg
04_spur_04.jpg,Spur,3056,2464,3,.jpg
04_spur_05.jpg,Spur,3056,2464,3,.jpg
04_spur_06.jpg,Spur,3056,2464,3,.jpg
04_spur_07.jpg,Spur,3056,2464,3,.jpg
04_spur_08.jpg,Spur,3056,2464,3,.jpg
04_spur_09.jpg,Spur,3056,2464,3,.jpg
04_spur_10.jpg,Spur,3056,2464,3,.jpg
04_spur_11.jpg,Spur,3056,2464,3,.jpg
04_spur_12.jpg,Spur,3056,2464,3,.jpg
04_spur_13.jpg,Spur,3056,2464,3,.jpg
04_spur_14.jpg,Spur,3056,2464,3,.jpg
04_spur_15.jpg,Spur,3056,2464,3,.jpg
04_spur_16.jpg,Spur,3056,2464,3,.jpg
04_spur_17.jpg,Spur,3056,2464,3,.jpg
04_spur_18.jpg,Spur,3056,2464,3,.jpg
04_spur_19.jpg,Spur,3056,2464,3,.jpg
04_spur_20.jpg,Spur,3056,2464,3,.jpg
05_spur_01.jpg,Spur,2544,2156,3,.jpg
05_spur_02.jpg,Spur,2544,2156,3,.jpg
05_spur_03.jpg,Spur,2544,2156,3,.jpg
05_spur_04.jpg,Spur,2544,2156,3,.jpg
05_spur_05.jpg,Spur,2544,2156,3,.jpg
05_spur_06.jpg,Spur,2544,2156,3,.jpg
05_spur_07.jpg,Spur,2544,2156,3,.jpg
05_spur_08.jpg,Spur,2544,2156,3,.jpg
05_spur_09.jpg,Spur,2544,2156,3,.jpg
05_spur_10.jpg,Spur,2544,2156,3,.jpg
06_spur_01.jpg,Spur,2868,2316,3,.jpg
06_spur_02.jpg,Spur,2868,2316,3,.jpg
06_spur_03.jpg,Spur,2868,2316,3,.jpg
06_spur_04.jpg,Spur,2868,2316,3,.jpg
06_spur_05.jpg,Spur,2868,2316,3,.jpg
06_spur_06.jpg,Spur,2868,2316,3,.jpg
06_spur_07.jpg,Spur,2868,2316,3,.jpg
06_spur_08.jpg,Spur,2868,2316,3,.jpg
06_spur_09.jpg,Spur,2868,2316,3,.jpg
06_spur_10.jpg,Spur,2868,2316,3,.jpg
07_spur_01.jpg,Spur,2904,1921,3,.jpg
07_spur_02.jpg,Spur,2904,1921,3,.jpg
07_spur_03.jpg,Spur,2904,1921,3,.jpg
07_spur_04.jpg,Spur,2904,1921,3,.jpg
07_spur_05.jpg,Spur,2904,1921,3,.jpg
07_spur_06.jpg,Spur,2904,1921,3,.jpg
07_spur_07.jpg,Spur,2904,1921,3,.jpg
07_spur_08.jpg,Spur,2904,1921,3,.jpg
07_spur_09.jpg,Spur,2904,1921,3,.jpg
07_spur_10.jpg,Spur,2904,1921,3,.jpg
08_spur_01.jpg,Spur,2759,2154,3,.jpg
08_spur_02.jpg,Spur,2759,2154,3,.jpg
08_spur_03.jpg,Spur,2759,2154,3,.jpg
08_spur_04.jpg,Spur,2759,2154,3,.jpg
08_spur_05.jpg,Spur,2759,2154,3,.jpg
08_spur_06.jpg,Spur,2759,2154,3,.jpg
08_spur_07.jpg,Spur,2759,2154,3,.jpg
08_spur_08.jpg,Spur,2759,2154,3,.jpg
08_spur_09.jpg,Spur,2759,2154,3,.jpg
08_spur_10.jpg,Spur,2759,2154,3,.jpg
09_spur_01.jpg,Spur,2775,2159,3,.jpg
09_spur_02.jpg,Spur,2775,2159,3,.jpg
09_spur_03.jpg,Spur,2775,2159,3,.jpg
09_spur_04.jpg,Spur,2775,2159,3,.jpg
09_spur_05.jpg,Spur,2775,2159,3,.jpg
09_spur_06.jpg,Spur,2775,2159,3,.jpg
09_spur_07.jpg,Spur,2775,2159,3,.jpg
09_spur_08.jpg,Spur,2775,2159,3,.jpg
09_spur_09.jpg,Spur,2775,2159,3,.jpg
09_spur_10.jpg,Spur,2775,2159,3,.jpg
10_spur_01.jpg,Spur,2240,2016,3,.jpg
10_spur_02.jpg,Spur,2240,2016,3,.jpg
10_spur_03.jpg,Spur,2240,2016,3,.jpg
10_spur_04.jpg,Spur,2240,2016,3,.jpg
10_spur_05.jpg,Spur,2240,2016,3,.jpg
11_spur_01.jpg,Spur,2282,2248,3,.jpg
11_spur_02.jpg,Spur,2282,2248,3,.jpg
11_spur_03.jpg,Spur,2282,2248,3,.jpg
11_spur_04.jpg,Spur,2282,2248,3,.jpg
11_spur_05.jpg,Spur,2282,2248,3,.jpg
11_spur_06.jpg,Spur,2282,2248,3,.jpg
11_spur_07.jpg,Spur,2282,2248,3,.jpg
11_spur_08.jpg,Spur,2282,2248,3,.jpg
11_spur_09.jpg,Spur,2282,2248,3,.jpg
11_spur_10.jpg,Spur,2282,2248,3,.jpg
12_spur_01.jpg,Spur,2529,2530,3,.jpg
12_spur_02.jpg,Spur,2529,2530,3,.jpg
12_spur_03.jpg,Spur,2529,2530,3,.jpg
12_spur_04.jpg,Spur,2529,2530,3,.jpg
12_spur_05.jpg,Spur,2529,2530,3,.jpg
12_spur_06.jpg,Spur,2529,2530,3,.jpg
12_spur_07.jpg,Spur,2529,2530,3,.jpg
12_spur_08.jpg,Spur,2529,2530,3,.jpg
12_spur_09.jpg,Spur,2529,2530,3,.jpg
12_spur_10.jpg,Spur,2529,2530,3,.jpg
01_spurious_copper_01.jpg,Spurious_copper,3034,1586,3,.jpg
01_spurious_copper_02.jpg,Spurious_copper,3034,1586,3,.jpg
01_spurious_copper_03.jpg,Spurious_copper,3034,1586,3,.jpg
01_spurious_copper_04.jpg,Spurious_copper,3034,1586,3,.jpg
01_spurious_copper_05.jpg,Spurious_copper,3034,1586,3,.jpg
01_spurious_copper_06.jpg,Spurious_copper,3034,1586,3,.jpg
01_spurious_copper_07.jpg,Spurious_copper,3034,1586,3,.jpg
01_spurious_copper_08.jpg,Spurious_copper,3034,1586,3,.jpg
01_spurious_copper_09.jpg,Spurious_copper,3034,1586,3,.jpg
01_spurious_copper_10.jpg,Spurious_copper,3034,1586,3,.jpg
01_spurious_copper_11.jpg,Spurious_copper,3034,1586,3,.jpg
01_spurious_copper_12.jpg,Spurious_copper,3034,1586,3,.jpg
01_spurious_copper_13.jpg,Spurious_copper,3034,1586,3,.jpg
01_spurious_copper_14.jpg,Spurious_copper,3034,1586,3,.jpg
01_spurious_copper_15.jpg,Spurious_copper,3034,1586,3,.jpg
01_spurious_copper_16.jpg,Spurious_copper,3034,1586,3,.jpg
01_spurious_copper_17.jpg,Spurious_copper,3034,1586,3,.jpg
01_spurious_copper_18.jpg,Spurious_copper,3034,1586,3,.jpg
01_spurious_copper_19.jpg,Spurious_copper,3034,1586,3,.jpg
01_spurious_copper_20.jpg,Spurious_copper,3034,1586,3,.jpg
04_spurious_copper_01.jpg,Spurious_copper,3056,2464,3,.jpg
04_spurious_copper_02.jpg,Spurious_copper,3056,2464,3,.jpg
04_spurious_copper_03.jpg,Spurious_copper,3056,2464,3,.jpg
04_spurious_copper_04.jpg,Spurious_copper,3056,2464,3,.jpg
04_spurious_copper_05.jpg,Spurious_copper,3056,2464,3,.jpg
04_spurious_copper_06.jpg,Spurious_copper,3056,2464,3,.jpg
04_spurious_copper_07.jpg,Spurious_copper,3056,2464,3,.jpg
04_spurious_copper_08.jpg,Spurious_copper,3056,2464,3,.jpg
04_spurious_copper_09.jpg,Spurious_copper,3056,2464,3,.jpg
04_spurious_copper_10.jpg,Spurious_copper,3056,2464,3,.jpg
04_spurious_copper_11.jpg,Spurious_copper,3056,2464,3,.jpg
04_spurious_copper_12.jpg,Spurious_copper,3056,2464,3,.jpg
04_spurious_copper_13.jpg,Spurious_copper,3056,2464,3,.jpg
04_spurious_copper_14.jpg,Spurious_copper,3056,2464,3,.jpg
04_spurious_copper_15.jpg,Spurious_copper,3056,2464,3,.jpg
04_spurious_copper_16.jpg,Spurious_copper,3056,2464,3,.jpg
04_spurious_copper_17.jpg,Spurious_copper,3056,2464,3,.jpg
04_spurious_copper_18.jpg,Spurious_copper,3056,2464,3,.jpg
04_spurious_copper_19.jpg,Spurious_copper,3056,2464,3,.jpg
04_spurious_copper_20.jpg,Spurious_copper,3056,2464,3,.jpg
05_spurious_copper_01.jpg,Spurious_copper,2544,2156,3,.jpg
05_spurious_copper_02.jpg,Spurious_copper,2544,2156,3,.jpg
05_spurious_copper_03.jpg,Spurious_copper,2544,2156,3,.jpg
05_spurious_copper_04.jpg,Spurious_copper,2544,2156,3,.jpg
05_spurious_copper_05.jpg,Spurious_copper,2544,2156,3,.jpg
05_spurious_copper_06.jpg,Spurious_copper,2544,2156,3,.jpg
05_spurious_copper_07.jpg,Spurious_copper,2544,2156,3,.jpg
05_spurious_copper_08.jpg,Spurious_copper,2544,2156,3,.jpg
05_spurious_copper_09.jpg,Spurious_copper,2544,2156,3,.jpg
05_spurious_copper_10.jpg,Spurious_copper,2544,2156,3,.jpg
06_spurious_copper_01.jpg,Spurious_copper,2868,2316,3,.jpg
06_spurious_copper_02.jpg,Spurious_copper,2868,2316,3,.jpg
06_spurious_copper_03.jpg,Spurious_copper,2868,2316,3,.jpg
06_spurious_copper_04.jpg,Spurious_copper,2868,2316,3,.jpg
06_spurious_copper_05.jpg,Spurious_copper,2868,2316,3,.jpg
06_spurious_copper_06.jpg,Spurious_copper,2868,2316,3,.jpg
06_spurious_copper_07.jpg,Spurious_copper,2868,2316,3,.jpg
06_spurious_copper_08.jpg,Spurious_copper,2868,2316,3,.jpg
06_spurious_copper_09.jpg,Spurious_copper,2868,2316,3,.jpg
06_spurious_copper_10.jpg,Spurious_copper,2868,2316,3,.jpg
07_spurious_copper_01.jpg,Spurious_copper,2904,1921,3,.jpg
07_spurious_copper_02.jpg,Spurious_copper,2904,1921,3,.jpg
07_spurious_copper_03.jpg,Spurious_copper,2904,1921,3,.jpg
07_spurious_copper_04.jpg,Spurious_copper,2904,1921,3,.jpg
07_spurious_copper_05.jpg,Spurious_copper,2904,1921,3,.jpg
07_spurious_copper_06.jpg,Spurious_copper,2904,1921,3,.jpg
07_spurious_copper_07.jpg,Spurious_copper,2904,1921,3,.jpg
07_spurious_copper_08.jpg,Spurious_copper,2904,1921,3,.jpg
07_spurious_copper_09.jpg,Spurious_copper,2904,1921,3,.jpg
07_spurious_copper_10.jpg,Spurious_copper,2904,1921,3,.jpg
08_spurious_copper_01.jpg,Spurious_copper,2759,2154,3,.jpg
08_spurious_copper_02.jpg,Spurious_copper,2759,2154,3,.jpg
08_spurious_copper_03.jpg,Spurious_copper,2759,2154,3,.jpg
08_spurious_copper_04.jpg,Spurious_copper,2759,2154,3,.jpg
08_spurious_copper_05.jpg,Spurious_copper,2759,2154,3,.jpg
08_spurious_copper_06.jpg,Spurious_copper,2759,2154,3,.jpg
08_spurious_copper_07.jpg,Spurious_copper,2759,2154,3,.jpg
08_spurious_copper_08.jpg,Spurious_copper,2759,2154,3,.jpg
08_spurious_copper_09.jpg,Spurious_copper,2759,2154,3,.jpg
08_spurious_copper_10.jpg,Spurious_copper,2759,2154,3,.jpg
09_spurious_copper_01.jpg,Spurious_copper,2775,2159,3,.jpg
09_spurious_copper_02.jpg,Spurious_copper,2775,2159,3,.jpg
09_spurious_copper_03.jpg,Spurious_copper,2775,2159,3,.jpg
09_spurious_copper_04.jpg,Spurious_copper,2775,2159,3,.jpg
09_spurious_copper_05.jpg,Spurious_copper,2775,2159,3,.jpg
09_spurious_copper_06.jpg,Spurious_copper,2775,2159,3,.jpg
09_spurious_copper_07.jpg,Spurious_copper,2775,2159,3,.jpg
09_spurious_copper_08.jpg,Spurious_copper,2775,2159,3,.jpg
09_spurious_copper_09.jpg,Spurious_copper,2775,2159,3,.jpg
09_spurious_copper_10.jpg,Spurious_copper,2775,2159,3,.jpg
10_spurious_copper_01.jpg,Spurious_copper,2240,2016,3,.jpg
10_spurious_copper_02.jpg,Spurious_copper,2240,2016,3,.jpg
10_spurious_copper_03.jpg,Spurious_copper,2240,2016,3,.jpg
10_spurious_copper_04.jpg,Spurious_copper,2240,2016,3,.jpg
10_spurious_copper_05.jpg,Spurious_copper,2240,2016,3,.jpg
10_spurious_copper_06.jpg,Spurious_copper,2240,2016,3,.jpg
11_spurious_copper_01.jpg,Spurious_copper,2282,2248,3,.jpg
11_spurious_copper_02.jpg,Spurious_copper,2282,2248,3,.jpg
11_spurious_copper_03.jpg,Spurious_copper,2282,2248,3,.jpg
11_spurious_copper_04.jpg,Spurious_copper,2282,2248,3,.jpg
11_spurious_copper_05.jpg,Spurious_copper,2282,2248,3,.jpg
11_spurious_copper_06.jpg,Spurious_copper,2282,2248,3,.jpg
11_spurious_copper_07.jpg,Spurious_copper,2282,2248,3,.jpg
11_spurious_copper_08.jpg,Spurious_copper,2282,2248,3,.jpg
11_spurious_copper_09.jpg,Spurious_copper,2282,2248,3,.jpg
11_spurious_copper_10.jpg,Spurious_copper,2282,2248,3,.jpg
12_spurious_copper_01.jpg,Spurious_copper,2529,2530,3,.jpg
12_spurious_copper_02.jpg,Spurious_copper,2529,2530,3,.jpg
12_spurious_copper_03.jpg,Spurious_copper,2529,2530,3,.jpg
12_spurious_copper_04.jpg,Spurious_copper,2529,2530,3,.jpg
12_spurious_copper_05.jpg,Spurious_copper,2529,2530,3,.jpg
12_spurious_copper_06.jpg,Spurious_copper,2529,2530,3,.jpg
12_spurious_copper_07.jpg,Spurious_copper,2529,2530,3,.jpg
12_spurious_copper_08.jpg,Spurious_copper,2529,2530,3,.jpg
12_spurious_copper_09.jpg,Spurious_copper,2529,2530,3,.jpg
12_spurious_copper_10.jpg,Spurious_copper,2529,2530,3,.jpg
